STANDARD_NAME	HAY_BONE_MARROW_ERYTHROBLAST
SYSTEMATIC_NAME	M39197
CATEGORY_CODE	C8
SUB_CATEGORY_CODE	
MSIGDB_URL	https://www.gsea-msigdb.org/gsea/msigdb/cards/HAY_BONE_MARROW_ERYTHROBLAST
CHIP	Human_Ensembl_Gene_ID
DESCRIPTION_BRIEF	
DESCRIPTION_FULL	
PMID	30243574
GEOID	
AUTHORS	Hay SB,Ferchen K,Chetal K,Grimes HL,Salomonis N
CONTRIBUTOR	Anthony Castanza
CONTRIBUTOR_ORG	MSigDB Team
EXACT_SOURCE	Supplementary Table E5: Gene-Associations. Global view of cells from all donors. Combined resolved progenitor and committed cell population predictions for SPRING analysis of the associated marker genes. 1-s2.0-S0301472X18308051-mmc8. Genes with Pearson rho > 0.1, Pearson p-value <0.05.
FILTERED_BY_SIMILARITY	
EXTERNAL_NAMES_FOR_SIMILAR_TERMS	
EXTERNAL_DETAILS_URL	http://www.altanalyze.org/ICGS/HCA/Viewer.php
GENESET_LISTING_URL	
MEMBERS	ENSG00000000419,ENSG00000001084,ENSG00000001497,ENSG00000003147,ENSG00000004142,ENSG00000004478,ENSG00000004779,ENSG00000004809,ENSG00000004897,ENSG00000004939,ENSG00000004961,ENSG00000005189,ENSG00000005249,ENSG00000006125,ENSG00000006757,ENSG00000007080,ENSG00000007541,ENSG00000007923,ENSG00000008018,ENSG00000008441,ENSG00000010165,ENSG00000010256,ENSG00000011143,ENSG00000011260,ENSG00000011304,ENSG00000011426,ENSG00000012048,ENSG00000013275,ENSG00000013306,ENSG00000013573,ENSG00000013583,ENSG00000014824,ENSG00000017483,ENSG00000017797,ENSG00000023228,ENSG00000023909,ENSG00000024526,ENSG00000027001,ENSG00000028116,ENSG00000028839,ENSG00000029534,ENSG00000033050,ENSG00000034152,ENSG00000035499,ENSG00000035928,ENSG00000036054,ENSG00000037241,ENSG00000037897,ENSG00000039523,ENSG00000040275,ENSG00000041357,ENSG00000042062,ENSG00000047597,ENSG00000048140,ENSG00000048162,ENSG00000048544,ENSG00000049541,ENSG00000049759,ENSG00000050393,ENSG00000051341,ENSG00000051596,ENSG00000053372,ENSG00000055044,ENSG00000055118,ENSG00000055147,ENSG00000056050,ENSG00000057757,ENSG00000059573,ENSG00000059691,ENSG00000060138,ENSG00000060688,ENSG00000062650,ENSG00000062822,ENSG00000063241,ENSG00000063854,ENSG00000064199,ENSG00000065154,ENSG00000065328,ENSG00000065978,ENSG00000066044,ENSG00000066322,ENSG00000066583,ENSG00000066735,ENSG00000066855,ENSG00000066926,ENSG00000067533,ENSG00000067836,ENSG00000068120,ENSG00000068137,ENSG00000070182,ENSG00000070526,ENSG00000070785,ENSG00000071539,ENSG00000071794,ENSG00000072274,ENSG00000072310,ENSG00000072571,ENSG00000072778,ENSG00000073111,ENSG00000073464,ENSG00000073578,ENSG00000073792,ENSG00000074071,ENSG00000074582,ENSG00000074696,ENSG00000075142,ENSG00000075188,ENSG00000075239,ENSG00000075336,ENSG00000075340,ENSG00000075415,ENSG00000075790,ENSG00000075914,ENSG00000076003,ENSG00000076043,ENSG00000076382,ENSG00000077152,ENSG00000077312,ENSG00000077514,ENSG00000078140,ENSG00000078668,ENSG00000079246,ENSG00000079257,ENSG00000079308,ENSG00000079462,ENSG00000079785,ENSG00000079999,ENSG00000080345,ENSG00000080819,ENSG00000080824,ENSG00000082146,ENSG00000082515,ENSG00000084623,ENSG00000084754,ENSG00000085063,ENSG00000085117,ENSG00000085231,ENSG00000085840,ENSG00000085999,ENSG00000086061,ENSG00000086189,ENSG00000086232,ENSG00000086289,ENSG00000086504,ENSG00000086506,ENSG00000086827,ENSG00000087085,ENSG00000087269,ENSG00000087586,ENSG00000087842,ENSG00000087995,ENSG00000088247,ENSG00000088682,ENSG00000088727,ENSG00000088766,ENSG00000088986,ENSG00000088992,ENSG00000089157,ENSG00000089356,ENSG00000090013,ENSG00000090273,ENSG00000090686,ENSG00000090861,ENSG00000090889,ENSG00000091127,ENSG00000091140,ENSG00000091164,ENSG00000091483,ENSG00000091651,ENSG00000092201,ENSG00000092208,ENSG00000093009,ENSG00000093183,ENSG00000094804,ENSG00000094914,ENSG00000095002,ENSG00000096063,ENSG00000096080,ENSG00000096092,ENSG00000096384,ENSG00000097046,ENSG00000099341,ENSG00000099377,ENSG00000099800,ENSG00000099817,ENSG00000099889,ENSG00000099901,ENSG00000099977,ENSG00000100012,ENSG00000100028,ENSG00000100029,ENSG00000100116,ENSG00000100142,ENSG00000100206,ENSG00000100211,ENSG00000100220,ENSG00000100225,ENSG00000100294,ENSG00000100297,ENSG00000100304,ENSG00000100321,ENSG00000100336,ENSG00000100347,ENSG00000100348,ENSG00000100380,ENSG00000100387,ENSG00000100410,ENSG00000100413,ENSG00000100417,ENSG00000100442,ENSG00000100462,ENSG00000100479,ENSG00000100519,ENSG00000100526,ENSG00000100558,ENSG00000100567,ENSG00000100591,ENSG00000100592,ENSG00000100596,ENSG00000100603,ENSG00000100632,ENSG00000100711,ENSG00000100714,ENSG00000100749,ENSG00000100764,ENSG00000100804,ENSG00000100823,ENSG00000100897,ENSG00000100918,ENSG00000101003,ENSG00000101040,ENSG00000101052,ENSG00000101158,ENSG00000101220,ENSG00000101266,ENSG00000101361,ENSG00000101417,ENSG00000101447,ENSG00000101546,ENSG00000101557,ENSG00000101811,ENSG00000101868,ENSG00000101911,ENSG00000101928,ENSG00000101935,ENSG00000102145,ENSG00000102172,ENSG00000102738,ENSG00000102743,ENSG00000102753,ENSG00000102898,ENSG00000102900,ENSG00000102967,ENSG00000103035,ENSG00000103148,ENSG00000103202,ENSG00000103342,ENSG00000103549,ENSG00000103740,ENSG00000103876,ENSG00000103995,ENSG00000104131,ENSG00000104147,ENSG00000104267,ENSG00000104325,ENSG00000104442,ENSG00000104522,ENSG00000104524,ENSG00000104626,ENSG00000104691,ENSG00000104738,ENSG00000104783,ENSG00000104823,ENSG00000104852,ENSG00000104886,ENSG00000104889,ENSG00000104969,ENSG00000104973,ENSG00000104980,ENSG00000105173,ENSG00000105197,ENSG00000105258,ENSG00000105281,ENSG00000105364,ENSG00000105371,ENSG00000105379,ENSG00000105393,ENSG00000105447,ENSG00000105610,ENSG00000105819,ENSG00000106028,ENSG00000106070,ENSG00000106105,ENSG00000106244,ENSG00000106266,ENSG00000106268,ENSG00000106305,ENSG00000106327,ENSG00000106351,ENSG00000106355,ENSG00000106399,ENSG00000106554,ENSG00000106588,ENSG00000106603,ENSG00000106605,ENSG00000106628,ENSG00000106682,ENSG00000106991,ENSG00000106992,ENSG00000107130,ENSG00000107242,ENSG00000107262,ENSG00000107371,ENSG00000107521,ENSG00000107581,ENSG00000107789,ENSG00000107937,ENSG00000107949,ENSG00000108010,ENSG00000108055,ENSG00000108312,ENSG00000108344,ENSG00000108384,ENSG00000108588,ENSG00000108641,ENSG00000108671,ENSG00000108826,ENSG00000108829,ENSG00000108953,ENSG00000109265,ENSG00000109390,ENSG00000109519,ENSG00000109534,ENSG00000109606,ENSG00000109805,ENSG00000109881,ENSG00000109919,ENSG00000109971,ENSG00000110074,ENSG00000110104,ENSG00000110107,ENSG00000110400,ENSG00000110693,ENSG00000110717,ENSG00000110801,ENSG00000110888,ENSG00000110911,ENSG00000110955,ENSG00000110958,ENSG00000111142,ENSG00000111196,ENSG00000111231,ENSG00000111237,ENSG00000111325,ENSG00000111339,ENSG00000111445,ENSG00000111639,ENSG00000111665,ENSG00000111666,ENSG00000111684,ENSG00000111725,ENSG00000111726,ENSG00000111843,ENSG00000111845,ENSG00000111875,ENSG00000112077,ENSG00000112110,ENSG00000112118,ENSG00000112159,ENSG00000112200,ENSG00000112208,ENSG00000112210,ENSG00000112212,ENSG00000112304,ENSG00000112312,ENSG00000112339,ENSG00000112578,ENSG00000112651,ENSG00000112742,ENSG00000112759,ENSG00000112984,ENSG00000113013,ENSG00000113141,ENSG00000113407,ENSG00000113460,ENSG00000113522,ENSG00000113643,ENSG00000113649,ENSG00000113845,ENSG00000114054,ENSG00000114098,ENSG00000114346,ENSG00000114491,ENSG00000114648,ENSG00000114686,ENSG00000114770,ENSG00000114784,ENSG00000114867,ENSG00000115053,ENSG00000115107,ENSG00000115128,ENSG00000115233,ENSG00000115241,ENSG00000115317,ENSG00000115364,ENSG00000115484,ENSG00000115514,ENSG00000115541,ENSG00000115641,ENSG00000115694,ENSG00000115942,ENSG00000115947,ENSG00000115993,ENSG00000116062,ENSG00000116120,ENSG00000116161,ENSG00000116221,ENSG00000116237,ENSG00000116353,ENSG00000116459,ENSG00000116675,ENSG00000116750,ENSG00000116815,ENSG00000116898,ENSG00000117155,ENSG00000117394,ENSG00000117395,ENSG00000117399,ENSG00000117419,ENSG00000117592,ENSG00000117650,ENSG00000117748,ENSG00000117751,ENSG00000117877,ENSG00000118939,ENSG00000119013,ENSG00000119203,ENSG00000119280,ENSG00000119318,ENSG00000119326,ENSG00000119333,ENSG00000119421,ENSG00000119431,ENSG00000119471,ENSG00000119705,ENSG00000119888,ENSG00000120158,ENSG00000120256,ENSG00000120265,ENSG00000120334,ENSG00000120438,ENSG00000120533,ENSG00000120675,ENSG00000120688,ENSG00000120694,ENSG00000120699,ENSG00000120756,ENSG00000120832,ENSG00000120837,ENSG00000121022,ENSG00000121152,ENSG00000121579,ENSG00000121621,ENSG00000121691,ENSG00000122140,ENSG00000122565,ENSG00000122574,ENSG00000122687,ENSG00000122705,ENSG00000122966,ENSG00000122971,ENSG00000123191,ENSG00000123219,ENSG00000123297,ENSG00000123374,ENSG00000123472,ENSG00000123505,ENSG00000123545,ENSG00000123737,ENSG00000123739,ENSG00000123975,ENSG00000124098,ENSG00000124207,ENSG00000124214,ENSG00000124490,ENSG00000124562,ENSG00000124575,ENSG00000124702,ENSG00000124784,ENSG00000124802,ENSG00000125166,ENSG00000125445,ENSG00000125450,ENSG00000125520,ENSG00000125651,ENSG00000125818,ENSG00000125835,ENSG00000125863,ENSG00000125977,ENSG00000126067,ENSG00000126088,ENSG00000126215,ENSG00000126249,ENSG00000126453,ENSG00000126602,ENSG00000126698,ENSG00000126787,ENSG00000126814,ENSG00000126934,ENSG00000126953,ENSG00000127337,ENSG00000127423,ENSG00000127564,ENSG00000128050,ENSG00000128059,ENSG00000128245,ENSG00000128268,ENSG00000128274,ENSG00000128309,ENSG00000128311,ENSG00000128463,ENSG00000128487,ENSG00000128578,ENSG00000128654,ENSG00000128683,ENSG00000128708,ENSG00000128944,ENSG00000128951,ENSG00000128973,ENSG00000129244,ENSG00000129255,ENSG00000129351,ENSG00000129691,ENSG00000130177,ENSG00000130193,ENSG00000130204,ENSG00000130312,ENSG00000130414,ENSG00000130520,ENSG00000130560,ENSG00000130656,ENSG00000130713,ENSG00000130770,ENSG00000130816,ENSG00000130821,ENSG00000130826,ENSG00000130830,ENSG00000131153,ENSG00000131462,ENSG00000131475,ENSG00000131495,ENSG00000131652,ENSG00000131828,ENSG00000131876,ENSG00000132199,ENSG00000132300,ENSG00000132305,ENSG00000132313,ENSG00000132341,ENSG00000132383,ENSG00000132423,ENSG00000132507,ENSG00000132541,ENSG00000132646,ENSG00000132768,ENSG00000132780,ENSG00000132963,ENSG00000133026,ENSG00000133104,ENSG00000133111,ENSG00000133119,ENSG00000133265,ENSG00000133315,ENSG00000133488,ENSG00000133641,ENSG00000133706,ENSG00000133739,ENSG00000133742,ENSG00000133835,ENSG00000134001,ENSG00000134056,ENSG00000134057,ENSG00000134146,ENSG00000134152,ENSG00000134375,ENSG00000134440,ENSG00000134452,ENSG00000134453,ENSG00000134697,ENSG00000134709,ENSG00000134779,ENSG00000134802,ENSG00000134809,ENSG00000134824,ENSG00000135002,ENSG00000135045,ENSG00000135218,ENSG00000135316,ENSG00000135338,ENSG00000135363,ENSG00000135372,ENSG00000135387,ENSG00000135446,ENSG00000135451,ENSG00000135521,ENSG00000135624,ENSG00000135655,ENSG00000135776,ENSG00000135838,ENSG00000135972,ENSG00000136108,ENSG00000136270,ENSG00000136450,ENSG00000136518,ENSG00000136522,ENSG00000136628,ENSG00000136718,ENSG00000136732,ENSG00000136738,ENSG00000136783,ENSG00000136824,ENSG00000136830,ENSG00000136840,ENSG00000136842,ENSG00000136897,ENSG00000136908,ENSG00000136929,ENSG00000136930,ENSG00000136938,ENSG00000136982,ENSG00000137124,ENSG00000137133,ENSG00000137135,ENSG00000137168,ENSG00000137210,ENSG00000137266,ENSG00000137267,ENSG00000137288,ENSG00000137309,ENSG00000137460,ENSG00000137547,ENSG00000137574,ENSG00000137601,ENSG00000137692,ENSG00000137700,ENSG00000137710,ENSG00000137713,ENSG00000137807,ENSG00000137814,ENSG00000137824,ENSG00000138035,ENSG00000138095,ENSG00000138182,ENSG00000138363,ENSG00000138382,ENSG00000138385,ENSG00000138442,ENSG00000138587,ENSG00000138640,ENSG00000138758,ENSG00000138777,ENSG00000138778,ENSG00000138796,ENSG00000138821,ENSG00000138867,ENSG00000139180,ENSG00000139343,ENSG00000139354,ENSG00000139428,ENSG00000139514,ENSG00000139618,ENSG00000139684,ENSG00000139734,ENSG00000140057,ENSG00000140259,ENSG00000140365,ENSG00000140374,ENSG00000140395,ENSG00000140403,ENSG00000140525,ENSG00000140986,ENSG00000141030,ENSG00000141084,ENSG00000141098,ENSG00000141367,ENSG00000141378,ENSG00000141385,ENSG00000141552,ENSG00000141560,ENSG00000141562,ENSG00000141873,ENSG00000142168,ENSG00000142453,ENSG00000142507,ENSG00000142731,ENSG00000142864,ENSG00000142945,ENSG00000143106,ENSG00000143158,ENSG00000143164,ENSG00000143179,ENSG00000143198,ENSG00000143224,ENSG00000143321,ENSG00000143416,ENSG00000143476,ENSG00000143479,ENSG00000143514,ENSG00000143545,ENSG00000143621,ENSG00000143627,ENSG00000143653,ENSG00000143776,ENSG00000143797,ENSG00000143815,ENSG00000143942,ENSG00000143977,ENSG00000144034,ENSG00000144283,ENSG00000144381,ENSG00000144401,ENSG00000144407,ENSG00000144485,ENSG00000144554,ENSG00000144635,ENSG00000144647,ENSG00000144659,ENSG00000144848,ENSG00000144959,ENSG00000145020,ENSG00000145248,ENSG00000145335,ENSG00000145354,ENSG00000145386,ENSG00000145725,ENSG00000145907,ENSG00000145916,ENSG00000145979,ENSG00000146410,ENSG00000146731,ENSG00000146918,ENSG00000146963,ENSG00000147224,ENSG00000147324,ENSG00000147454,ENSG00000147586,ENSG00000147669,ENSG00000147684,ENSG00000147874,ENSG00000147955,ENSG00000148175,ENSG00000148218,ENSG00000148229,ENSG00000148288,ENSG00000148303,ENSG00000148341,ENSG00000148444,ENSG00000148688,ENSG00000149136,ENSG00000149150,ENSG00000149196,ENSG00000149313,ENSG00000149547,ENSG00000149548,ENSG00000149554,ENSG00000149636,ENSG00000149792,ENSG00000150593,ENSG00000150753,ENSG00000150779,ENSG00000151247,ENSG00000151287,ENSG00000151503,ENSG00000151725,ENSG00000151779,ENSG00000152078,ENSG00000152234,ENSG00000152455,ENSG00000152556,ENSG00000152620,ENSG00000152700,ENSG00000152939,ENSG00000153044,ENSG00000153113,ENSG00000153130,ENSG00000153140,ENSG00000153147,ENSG00000153574,ENSG00000153721,ENSG00000154122,ENSG00000154518,ENSG00000154582,ENSG00000154719,ENSG00000154723,ENSG00000154839,ENSG00000154920,ENSG00000154930,ENSG00000155097,ENSG00000155115,ENSG00000155189,ENSG00000155755,ENSG00000155959,ENSG00000156140,ENSG00000156239,ENSG00000156261,ENSG00000156381,ENSG00000156469,ENSG00000156515,ENSG00000156709,ENSG00000156831,ENSG00000156876,ENSG00000156928,ENSG00000156970,ENSG00000157456,ENSG00000157734,ENSG00000157778,ENSG00000157870,ENSG00000157954,ENSG00000158042,ENSG00000158417,ENSG00000158578,ENSG00000158856,ENSG00000159055,ENSG00000159079,ENSG00000159131,ENSG00000159199,ENSG00000159228,ENSG00000159423,ENSG00000159479,ENSG00000159593,ENSG00000160014,ENSG00000160050,ENSG00000160117,ENSG00000160124,ENSG00000160193,ENSG00000160194,ENSG00000160214,ENSG00000160256,ENSG00000160752,ENSG00000160818,ENSG00000160917,ENSG00000160957,ENSG00000161016,ENSG00000161036,ENSG00000161057,ENSG00000161203,ENSG00000161547,ENSG00000161888,ENSG00000161980,ENSG00000161981,ENSG00000162062,ENSG00000162129,ENSG00000162367,ENSG00000162377,ENSG00000162521,ENSG00000162543,ENSG00000162599,ENSG00000162961,ENSG00000163002,ENSG00000163006,ENSG00000163029,ENSG00000163170,ENSG00000163319,ENSG00000163468,ENSG00000163554,ENSG00000163584,ENSG00000163634,ENSG00000163636,ENSG00000163655,ENSG00000163701,ENSG00000163714,ENSG00000163812,ENSG00000163864,ENSG00000163870,ENSG00000163882,ENSG00000163918,ENSG00000163950,ENSG00000164010,ENSG00000164038,ENSG00000164040,ENSG00000164045,ENSG00000164062,ENSG00000164068,ENSG00000164087,ENSG00000164163,ENSG00000164237,ENSG00000164292,ENSG00000164405,ENSG00000164611,ENSG00000164877,ENSG00000164879,ENSG00000165060,ENSG00000165092,ENSG00000165244,ENSG00000165264,ENSG00000165280,ENSG00000165283,ENSG00000165304,ENSG00000165392,ENSG00000165416,ENSG00000165449,ENSG00000165487,ENSG00000165501,ENSG00000165533,ENSG00000165672,ENSG00000165678,ENSG00000165702,ENSG00000165704,ENSG00000165775,ENSG00000165898,ENSG00000165916,ENSG00000165948,ENSG00000165949,ENSG00000166171,ENSG00000166197,ENSG00000166226,ENSG00000166347,ENSG00000166352,ENSG00000166508,ENSG00000166793,ENSG00000166803,ENSG00000166851,ENSG00000166863,ENSG00000166896,ENSG00000166902,ENSG00000166947,ENSG00000166965,ENSG00000167085,ENSG00000167088,ENSG00000167112,ENSG00000167130,ENSG00000167315,ENSG00000167325,ENSG00000167363,ENSG00000167513,ENSG00000167523,ENSG00000167536,ENSG00000167553,ENSG00000167670,ENSG00000167701,ENSG00000167705,ENSG00000167721,ENSG00000167747,ENSG00000167792,ENSG00000167815,ENSG00000167862,ENSG00000167900,ENSG00000167986,ENSG00000167994,ENSG00000168078,ENSG00000168116,ENSG00000168159,ENSG00000168288,ENSG00000168291,ENSG00000168393,ENSG00000168411,ENSG00000168439,ENSG00000168477,ENSG00000168496,ENSG00000168556,ENSG00000168653,ENSG00000168754,ENSG00000168785,ENSG00000169021,ENSG00000169188,ENSG00000169255,ENSG00000169288,ENSG00000169398,ENSG00000169679,ENSG00000169689,ENSG00000169813,ENSG00000169877,ENSG00000169891,ENSG00000170027,ENSG00000170180,ENSG00000170191,ENSG00000170312,ENSG00000170445,ENSG00000170515,ENSG00000170522,ENSG00000170606,ENSG00000170779,ENSG00000170860,ENSG00000171320,ENSG00000171401,ENSG00000171421,ENSG00000171566,ENSG00000171720,ENSG00000171843,ENSG00000171848,ENSG00000171914,ENSG00000171960,ENSG00000172009,ENSG00000172115,ENSG00000172172,ENSG00000172270,ENSG00000172336,ENSG00000172586,ENSG00000172922,ENSG00000172965,ENSG00000173113,ENSG00000173141,ENSG00000173145,ENSG00000173163,ENSG00000173171,ENSG00000173218,ENSG00000173221,ENSG00000173409,ENSG00000173465,ENSG00000173598,ENSG00000173599,ENSG00000173692,ENSG00000173786,ENSG00000173868,ENSG00000173898,ENSG00000174173,ENSG00000174371,ENSG00000174442,ENSG00000174547,ENSG00000174780,ENSG00000174951,ENSG00000175048,ENSG00000175110,ENSG00000175166,ENSG00000175216,ENSG00000175279,ENSG00000175334,ENSG00000175449,ENSG00000175455,ENSG00000175756,ENSG00000175792,ENSG00000176014,ENSG00000176124,ENSG00000176170,ENSG00000176208,ENSG00000176623,ENSG00000176974,ENSG00000177096,ENSG00000177646,ENSG00000177830,ENSG00000177842,ENSG00000177917,ENSG00000178035,ENSG00000178057,ENSG00000178127,ENSG00000178297,ENSG00000178462,ENSG00000178538,ENSG00000178741,ENSG00000178752,ENSG00000179091,ENSG00000179115,ENSG00000179262,ENSG00000179271,ENSG00000179750,ENSG00000180089,ENSG00000180185,ENSG00000180198,ENSG00000180537,ENSG00000180992,ENSG00000181061,ENSG00000181704,ENSG00000181751,ENSG00000181856,ENSG00000181924,ENSG00000181938,ENSG00000181991,ENSG00000182004,ENSG00000182054,ENSG00000182108,ENSG00000182117,ENSG00000182180,ENSG00000182512,ENSG00000182518,ENSG00000182871,ENSG00000183010,ENSG00000183032,ENSG00000183048,ENSG00000183137,ENSG00000183207,ENSG00000183527,ENSG00000183597,ENSG00000183605,ENSG00000183751,ENSG00000183762,ENSG00000183765,ENSG00000183814,ENSG00000183955,ENSG00000184076,ENSG00000184185,ENSG00000184432,ENSG00000184470,ENSG00000184508,ENSG00000184661,ENSG00000184785,ENSG00000184792,ENSG00000184900,ENSG00000184983,ENSG00000185122,ENSG00000185238,ENSG00000185480,ENSG00000185721,ENSG00000185909,ENSG00000186063,ENSG00000186314,ENSG00000186603,ENSG00000186665,ENSG00000186871,ENSG00000187010,ENSG00000187017,ENSG00000187134,ENSG00000187244,ENSG00000187266,ENSG00000187715,ENSG00000187735,ENSG00000187741,ENSG00000187840,ENSG00000187997,ENSG00000188010,ENSG00000188015,ENSG00000188191,ENSG00000188229,ENSG00000188312,ENSG00000188342,ENSG00000188536,ENSG00000188582,ENSG00000188672,ENSG00000188677,ENSG00000188690,ENSG00000189037,ENSG00000189060,ENSG00000189306,ENSG00000189316,ENSG00000196132,ENSG00000196139,ENSG00000196188,ENSG00000196290,ENSG00000196305,ENSG00000196363,ENSG00000196411,ENSG00000196419,ENSG00000196503,ENSG00000196504,ENSG00000196510,ENSG00000196517,ENSG00000196565,ENSG00000196584,ENSG00000196591,ENSG00000196678,ENSG00000196914,ENSG00000196961,ENSG00000196976,ENSG00000197170,ENSG00000197208,ENSG00000197223,ENSG00000197245,ENSG00000197312,ENSG00000197345,ENSG00000197451,ENSG00000197465,ENSG00000197498,ENSG00000197721,ENSG00000197785,ENSG00000197993,ENSG00000198015,ENSG00000198039,ENSG00000198056,ENSG00000198088,ENSG00000198157,ENSG00000198176,ENSG00000198208,ENSG00000198336,ENSG00000198356,ENSG00000198431,ENSG00000198498,ENSG00000198554,ENSG00000198604,ENSG00000198663,ENSG00000198692,ENSG00000198721,ENSG00000198728,ENSG00000198805,ENSG00000198826,ENSG00000198890,ENSG00000198900,ENSG00000198901,ENSG00000198959,ENSG00000203760,ENSG00000203805,ENSG00000204220,ENSG00000204308,ENSG00000204315,ENSG00000204385,ENSG00000204392,ENSG00000204394,ENSG00000204568,ENSG00000204613,ENSG00000204922,ENSG00000205250,ENSG00000205309,ENSG00000205531,ENSG00000205639,ENSG00000205683,ENSG00000205981,ENSG00000206053,ENSG00000206172,ENSG00000206177,ENSG00000211584,ENSG00000213088,ENSG00000213339,ENSG00000213465,ENSG00000213551,ENSG00000213593,ENSG00000213619,ENSG00000213934,ENSG00000214189,ENSG00000214253,ENSG00000214517,ENSG00000214706,ENSG00000215021,ENSG00000215784,ENSG00000221988,ENSG00000222041,ENSG00000223609,ENSG00000224177,ENSG00000224259,ENSG00000224877,ENSG00000225439,ENSG00000225807,ENSG00000225921,ENSG00000226742,ENSG00000227070,ENSG00000228716,ENSG00000229044,ENSG00000235169,ENSG00000237883,ENSG00000238269,ENSG00000239789,ENSG00000239900,ENSG00000240583,ENSG00000241468,ENSG00000241685,ENSG00000241878,ENSG00000242485,ENSG00000242612,ENSG00000242715,ENSG00000244005,ENSG00000244094,ENSG00000244187,ENSG00000244734,ENSG00000247092,ENSG00000248161,ENSG00000249684,ENSG00000250361,ENSG00000253154,ENSG00000253250,ENSG00000253729,ENSG00000255325,ENSG00000255471,ENSG00000256269,ENSG00000258484,ENSG00000259494,ENSG00000260456,ENSG00000260592,ENSG00000261236,ENSG00000261373,ENSG00000262814,ENSG00000263513,ENSG00000264066,ENSG00000265354,ENSG00000267062,ENSG00000267751,ENSG00000269600,ENSG00000271736,ENSG00000272716,ENSG00000273841,ENSG00000275527,ENSG00000275832,ENSG00000277161,ENSG00000278514,ENSG00000278619,ENSG00000278845
MAPPED_SYMBOLS	DPM1,GCLC,LAS1L,ICA1,POLDIP2,FKBP4,NDUFAB1,SLC22A16,CDC27,SLC4A1,HCCS,REXO5,PRKAR2B,AP2B1,PNPLA4,CCDC124,PIGQ,DNAJC11,PSMB1,NFIX,METTL13,UQCRC1,MKS1,UTP18,PTBP1,ANLN,BRCA1,PSMC4,SLC25A39,DDX11,HEBP1,SLC30A9,SLC38A5,RALBP1,NDUFS1,GCLM,DEPDC1,MIPEP,VRK2,TBPL1,ANK1,ABCF2,MAP2K3,DEPDC1B,RFC1,TBC1D23,RPL26L1,METTL1,RIPOR1,SPDL1,PSMA4,RIPOR3,XK,TSPAN17,NOP16,MRPS10,RFC2,NEDD4L,MCUR1,POLQ,THOC3,MRTO4,NOP58,KCNH2,FAM114A2,HPF1,PITHD1,ALDH18A1,GATB,YBX3,SNRNP40,WAPL,POLD1,ISOC2,HAGH,SPA17,OAT,MCM10,YBX1,ELAVL1,ELOVL1,ISOC1,KIF26A,MTFR1,FECH,RRP15,ROGDI,COASY,PLEKHH3,SPTB,ST6GALNAC1,EIF2B3,TRIP13,HLTF,TFRC,SREBF1,HMMR,ACADVL,MCM2,CLCN4,SDHA,IGF2BP2,MRPS34,BCS1L,HACD3,SRI,NUP37,ACAT1,TIMM21,ADD2,SLC25A3,BCAP29,EXOSC7,MCM6,REXO2,SPAG5,UBE2T,SNRPA,POLD3,UBE2K,VDAC3,XRCC5,LXN,TNS1,PAFAH1B3,DDX1,KEAP1,RIF1,CPOX,HSP90AA1,STRADB,MRPL22,EIF3I,HADHA,CD59,CD82,AK6,ORC1,RAD54L,DNAJA1,DIMT1,EIF2AK1,EPDR1,MRPL28,HBQ1,ZW10,ACHE,NOP14,AURKA,PIR,METTL2A,KHSRP,COQ9,KIF9,CRLS1,DYNLL1,TESC,RPLP0,FXYD3,BLVRB,NUDC,USP48,AARS1,KIF4A,PUS7,DLD,TXNL1,FH,ORC6,SUPT16H,GEMIN2,CDC45,SEC22C,CDC6,AAAS,MSH2,SRPK1,MRPS18A,TMEM14A,HSP90AB1,CDC7,PSMD8,HSD3B7,TIMM13,POLR2E,ARVCF,RANBP1,DDT,SEC14L3,SNRPD3,PES1,GCAT,POLR2F,DMC1,CBY1,RTCB,FBXO7,MCAT,MCM5,TTLL12,SYNGR1,APOL4,SAMM50,TXN2,ST13,RBX1,PHF5A,POLR3H,PMM1,FKBP3,PRMT5,POLE2,PSMC6,CDKN3,PLEK2,PSMA3,AHSA1,DAAM1,SPTLC2,SNW1,ERH,ZFYVE21,MTHFD1,VRK1,PSMC1,PSMB5,APEX1,DCAF11,REC8,GINS1,ZMYND8,IFT52,NELFCD,C20orf27,CSNK2A1,NOP56,PXMP4,FAM83D,RBFA,USP14,CSTF2,POLA1,PRPS2,MOSPD1,AMMECR1,GATA1,SMS,MRPS31,SLC25A15,KPNA3,NUTF2,NUP93,DHODH,PSMD7,NPRL3,NME4,GSPT1,RNF40,ACSBG1,FAH,CEP152,EIF3J,OIP5,CA2,DECR1,ARMC1,GFUS,PYCR3,ERI1,UBXN8,MCM4,KCNN4,ECH1,SNRNP70,PLEKHJ1,RNASEH2A,SGTA,MED25,TIMM44,CCNE1,TIMM50,POLR2I,SLC1A5,MRPL4,ICAM4,ETFB,BABAM1,GRWD1,KLF1,PMPCB,SSBP1,GRB10,GARS1,PDAP1,SNX8,NUDT1,AIMP2,TFR2,AGFG2,LSM5,RPA3,CHCHD3,PSMA2,COA1,BLVRA,POLD2,EIF4H,ENG,AK1,NCS1,PIP5K1B,BAG1,EXOSC3,HPS1,EIF3A,MINPP1,GTPBP4,BCCIP,GLRX3,SMC3,UBTF,PSMD3,RAD51C,CCDC47,B9D1,PSMD11,MRPL27,LRRC59,YWHAE,CRACD,NDUFC1,GRPEL1,GAR1,DHX15,NCAPG,CCDC34,MTCH2,HSPA8,FOXRED1,CCDC86,PRPF19,NECTIN1,SOX6,NDUFS8,PSMD9,CAPRIN2,SLC11A2,ATP5F1B,PTGES3,METAP2,MAGOHB,GPN3,VPS29,OGFOD2,ART4,RFC5,MRPL51,CDCA3,CHPT1,LPCAT3,PRKAB1,CMAS,TMEM14C,PAK1IP1,ASF1A,RHAG,MRPL18,MCM3,MDN1,ZNF451,BAG2,RAB23,TSPO2,ACOT13,GMNN,HBS1L,BYSL,MRPL2,TTK,SLC29A1,KIF20A,HSPA9,IK,TARS1,BRIX1,RAD50,RARS1,TCERG1,TIMMDC1,PCCB,ARMC8,ECT2,UMPS,KLHL18,MRPL3,ABCC5,EIF1B,EIF4G1,NCL,STEAP3,SF3B6,PSMD14,PPM1G,HTRA2,MRPL19,CCT4,TXNDC9,HSPE1,FHL2,STK25,ORC2,ORC4,TRAK2,MSH6,FARSB,CACYBP,MRPL37,ICMT,MECR,ATP5PB,DNAJC6,UCHL5,CD58,MRPS15,SSX2IP,SLC2A1,EBNA1BP2,CDC20,ERI3,PRDX6,NEK2,RPA2,PPP1R8,POLR1G,UCHL3,NDUFB3,CPSF3,C1orf198,RAD23B,CTNNAL1,DYNC2I2,NDUFA8,HDHD3,HSDL2,SLIRP,EPCAM,RCL1,LRP11,PCMT1,CENPL,TCP1,ENY2,DNAJC15,WBP4,HSPH1,EXOSC8,PLS1,MTERF2,NFYB,COPS5,NCAPH,NAA50,KIF18A,CAT,MRPS2,CBX3,WIPF3,MRM2,CLTA,CIT,ACADS,ATP7B,CENPK,TSFM,CDK2,ATPAF1,AMD1,NDUFAF4,EXOSC9,PLA2G12A,CKS2,FAM210B,CSE1L,STAU1,CRISP2,SNRPC,H1-3,KLHDC3,RIOK1,EEF1E1,GOT2,MRPS7,NUP85,SLC2A4RG,GTF2F1,PSMF1,SNRPB,MKKS,EIF2S2,PSMB2,UROD,XRCC3,PDCD2L,BCL2L12,TRAP1,DNAJC8,DLGAP5,TRMT5,MAP2K2,TIMM8A,YEATS4,AUNIP,PKMYT1,PAICS,PPAT,YWHAH,MGAT3,A4GALT,MPST,TST,EMC4,SPECC1,STRIP2,MTX2,GAD1,HAT1,KNSTRN,DUT,CLN6,ATP1B2,MPDU1,ILF3,ASH2L,CDC16,THEM6,TOMM40,MRPL34,NDUFA10,LSM4,UBAC1,HBZ,EXOSC2,ATP5IF1,DNMT1,SLC6A8,DKC1,MPP1,GINS2,TUBG1,VPS25,NDUFA2,THOC6,PDHA1,SNRPA1,ENOSF1,PTCD3,IMMT,MRPL35,RAN,RPA1,COQ3,EIF5A,RIDA,PCNA,DPH2,NASP,POMP,MYH10,SPART,RFXAP,RFC3,HSPBP1,MACROD1,SEC14L4,C12orf29,LARS1,LRRCC1,CA1,HSD17B4,EIF2S1,MRPS36,CCNB1,DPH6,KATNBL1,TIMM17A,NARS1,FBH1,RBM17,GNL2,HOOK1,TPGS2,SLC43A3,TIMM10,FADS2,RFK,C9orf40,CD36,SYNCRIP,LCA5,LMO2,NAT10,CAPRIN1,CDK4,TROAP,LTV1,CCT7,USP15,ABCB10,NPL,MRPS9,CKAP2,TBRG4,SRSF1,ACTL6A,MRPL47,EPRS1,IMP4,GYPC,STAM,NIPSNAP3A,SMC2,NIBAN2,ST6GALNAC4,TMOD1,MRPL50,DPM2,HEMGN,PSMB7,ANP32B,DSCC1,ALDH1B1,HINT2,ARHGEF39,PPIL1,TMEM14B,SLC22A23,TUBB2A,UQCC2,HMGA1,FHDC1,MRPL15,TGS1,NEK1,DCUN1D5,SLC37A4,RDX,PPP2R1B,KIF23,HAUS2,RMDN3,PNPT1,LRPPRC,KIF20B,ATIC,METTL5,SSB,WDR12,MNS1,FAM13A,SEPTIN11,PPA2,CENPE,HADH,SLC39A8,GUCD1,NDUFA9,SNRPF,GAS2L3,MMAB,SLC7A1,BRCA2,ESD,DIAPH3,AK7,MFAP1,COMMD4,ETFA,WDR61,DNAJA4,FANCI,RPL3L,COPS3,RANBP10,GFOD2,CLTC,PTRH2,AFG3L2,ANAPC11,FN3KRP,NARF,SLC39A3,SOD1,CARM1,PSMB6,PLK4,SERBP1,KIF2C,PSMA5,MPC2,DCAF6,UCK2,MGST3,PPOX,HDGF,SELENBP1,DTL,DYRK3,TP53BP2,RAB13,ILF2,PKLR,SCCPDH,CDC42BPA,MBOAT2,LBR,CHAC2,SNRPG,TPRKB,PKP4,HSPD1,METTL21A,PTH2R,HES6,FANCD2,DYNC1LI1,POMGNT2,SLC25A38,ATG3,NCEH1,AMT,SLC10A4,SNCA,CISD2,CCNA2,PPIP5K2,G3BP1,RMND5B,TBC1D7,MTFR2,CCT6A,NCAPG2,LUC7L2,PRPS1,MFHAS1,SLC25A37,MRPS28,POLR2K,NDUFB9,HAUS6,SIGMAR1,STOM,ALAD,POLE3,GBGT1,RPL7A,SH3GLB2,COMMD3,RPP30,SSRP1,SLC43A1,HIKESHI,AASDHPPT,EI24,CCDC15,CHEK1,DSN1,MRPL49,PDCD4,CCT5,TIMM8B,EIF4E,TEX30,NCAPD3,CENPU,NBAS,TLCD4,ATP5F1A,SUV39H2,PFKM,NADK2,SAR1B,MARVELD2,CENPH,CAST,SCOC,CETN3,SMARCA5,RPIA,CNKSR3,ANKH,ATP5MC3,ELOC,MRPL39,ATP5PF,SKA1,EME1,ACSS1,ATP6V1C1,GTF3C6,AGPAT5,TMEM237,VBP1,ADAMTS3,N6AMT1,CCT8,ANKRD9,MTERF3,HK1,AIFM1,NSMCE2,SASS6,MALSU1,BUB1B,CCNB2,SNX22,PSMG3,PRXL2B,WIPI2,MRPL17,EIF5B,ALAS2,DMTN,MIS18A,CFAP298,GART,ATP5MC1,CBR1,ALDH4A1,MED8,NAE1,CALM3,CCDC28B,ANKLE1,MIX23,WDR4,NDUFV3,RRP1,SLX9,FDPS,GPATCH4,CPSF4,RECQL4,RPL8,LRWD1,PSMC2,AP2M1,SRSF2,SPC24,POLR3K,SNRNP25,TEDC2,CLPB,TAL1,COA7,RBBP4,UBXN10,NFIA,DPY30,NUP35,CCDC138,SMC6,BOLA3,MRPS18C,CCT3,SPTA1,RPL22L1,THOC7,PSMD6,GMPS,IL17RE,U2SURP,ZDHHC3,NMNAT3,TPRA1,POLR2H,RFC4,SLBP,ERMAP,SLC9B2,PGRMC2,CDC25A,APEH,RNF123,POC1A,ABCE1,CMBL,RHOBTB3,UQCRQ,PTTG1,MICALL2,CA3,FXN,ALDH1A1,ZNF367,NDUFB6,VCP,STOML2,MELK,WRN,SUGT1,SLC16A9,MICU2,LRR1,TTC8,PRDX3,GHITM,GFI1B,HPRT1,FUNDC2,ISCA2,PSMC3,IFI27L1,IFI27,DPCD,NOLC1,CCT2,CYB5A,IFTAP,MCM7,YPEL4,PCLAF,PLK1,TAC3,ATP23,MRPL16,EPB42,RCCD1,PHB,SNRPD1,TRUB2,DOLPP1,ACAA2,RRM1,FN3K,CDT1,SPATA33,DHRS13,TUBA1C,CHAF1A,GPT,RILP,TSR1,C19orf48,NDUFV1,PRDX2,MRPL58,TK1,DDB1,RAB3IL1,PBK,KIAA1586,RNF187,MMADHC,PDHB,DTYMK,RFWD3,STIP1,TNXB,FEN1,ING2,NDUFS5,FAM178B,TSPAN5,UQCRFS1,APEX2,B3GALNT1,MRPL1,PTK2,BUB1,CENPX,HNRNPF,AHSP,REPS2,YWHAG,GYPA,NANP,CDK1,HARS1,PA2G4,ELOVL6,HSPA4,CDCA4,LSM3,ESCO2,KRT13,MRPL36,PLRG1,HDAC3,MLLT3,RRM2,TLN2,PPIH,THOP1,CYCS,MRPL13,BSG,POP7,CHCHD1,RNASEH2C,MIR4435-2HG,TRMT112,MRPL57,NOC3L,COMMD1,MTX1,VANGL1,GLRX,ARV1,ZNRD2,NUDT4,PC,PSMD1,CNP,PHOSPHO1,SPTBN2,TRMT10C,EXO1,ZWILCH,MRPL11,SRP72,FUT1,ZDHHC14,MRPS22,PSMD2,CKAP5,CENPS,BANF1,RFESD,CCDC14,AURKAIP1,RUVBL1,TUBB6,DLEU1,SPHK1,ATAD5,RMDN1,SHMT1,PHETA2,ACAD9,CHID1,ZNF620,ARL6IP6,IMPDH2,NDUFAF3,NDUFV2,TMPRSS9,TUBAL3,CA8,COX5A,ERFE,CYC1,FARSA,RAD23A,GADD45GIP1,APOBEC3B,TMEM86B,FAHD1,RCC1,RNF182,MRPL14,HIGD1A,YIPF6,MACIR,SLC2A4,COA4,GINS3,MRPS11,SNRPE,IDH2,DEXI,NOP10,MRPS16,GLRX5,FAM104B,COL18A1,PYCR1,SLC25A21,SLC25A10,CEP57L1,RUVBL2,PSMG1,TANGO2,SFXN4,TBL3,KREMEN1,CHEK2,LIN9,KMT5A,UQCR10,KCNJ12,COPB2,TXNRD2,HDDC3,CDCA2,SMIM10,OSBP2,SUMO3,NDUFA6,HSF1,PRMT3,PARPBP,DRG1,KLHDC8B,AIDA,PRELID2,HPDL,C17orf58,ERCC6L,RHD,ESPN,AKR1C1,BCAM,EPOR,KBTBD12,TCEA1,FANCA,EIF4EBP1,C17orf99,MORN2,S100A3,PRKAR1B,TUBB4B,CENPP,GTF2F2,HBA2,PAQR9,RHCE,PARVB,UROS,DUSP21,H1-0,RRP7A,ENSG00000189316,MYT1,AKR1C3,CTSE,NIF3L1,IARS1,WDR5,EPHB4,XRCC6,ARL9,PRPF40A,ANAPC7,SLC6A9,HBG2,XRCC2,HDAC2,ERI2,ARHGEF12,AP2A1,LAGE3,PSMD12,SLC22A4,C1D,FAM110D,DDI2,MRPL21,HNRNPAB,GYPE,RPF2,CR1L,ATAD3A,KEL,MRPL42,ZNF273,PRIM1,NUP62CL,HMGN5,TFDP1,RPS6KL1,MYL4,GET3,TXNRD1,TMA16,WDHD1,BAZ1A,C6orf89,EIF1AY,ECI2,LDB1,PNP,ARHGAP11A,PRMT6,TOP1,PRC1,TGM2,CENPW,PLPP4,PFDN6,RNF5,FKBPL,SLC44A4,LSM2,VARS1,MRPS18B,TRIM10,UQCC3,E2F4,NT5M,NAP1L4,MFSD2B,DPF3,DNAJC19,JPT2,HBA1,HBM,SLC48A1,ACKR1,QTRT1,ARL2,DNAJC9,TMX2,NDUFS3,HBG1,ZNF788P,FIS1,PPME1,IFRD2,PHB2,FAM72D,PPT2,CYTOR,HBD,LINC00570,LINC01133,NDUFAF8,BOLA3-AS1,,NOL7,HSBP1L1,EPS15-AS1,DHFR,,SMIM1,DGUOK-AS1,PAGE2B,MRPS17,ADSL,AQP1,ATP5MF,ARPC1A,PISD,MRPL20,DECR2,CCDC169,NFS1,SPRR2F,TMEM141,HBB,SNHG10,,,GYPB,,C8orf88,PRKDC,,,HMBS,SPESP1,MRPL46,C16orf95,,BOP1,VPS9D1-AS1,MRPL12,FAM72C,,TIMM23,,BSG-AS1,,LINC02772,SLC30A6-DT,TAF9,,ARHGAP23,PIGW,,MRM1,MRPL45
