Arrhythmias, Cardiac	D001145	meshd016170;meshd000219;meshd050030;meshd001146;meshd001281;meshd001282;meshd018880;meshd054537;meshd001919;meshd053840;meshd002037;meshd005117;meshd056104;meshd006327;meshd000074021;meshd029593;meshd008133;meshd008151;meshd017574;meshd011226;meshd011227;meshd029597;meshd012804;meshd012848;meshd054138;meshd013610;meshd013611;meshd013612;meshd013613;meshd013614;meshd054139;meshd013615;meshd013616;meshd013617;meshd017180;meshd016171;meshd014693;meshd054141;meshd018879;meshd014927
Kidney Diseases	D007674	meshd016263;meshd000141;meshd058186;meshd019867;meshd001002;meshd065766;meshd053099;meshd001449;meshd001477;meshd002292;meshd059347;meshd012080;meshd003555;meshd057973;meshd030321;meshd003919;meshd018500;meshd020790;meshd003928;meshd053098;meshd005198;meshd052159;meshd053579;meshd005921;meshd005922;meshd015432;meshd015433;meshd005923;meshd006030;meshd006250;meshd006463;meshd006530;meshd006869;meshd006959;meshd006960;meshd006977;meshd006978;meshd007015;meshd007669;meshd007673;meshd052177;meshd007676;meshd007680;meshd007681;meshd007683;meshd056929;meshd008181;meshd007691;meshd021782;meshd009393;meshd009394;meshd009395;meshd009397;meshd053040;meshd018201;meshd009400;meshd009401;meshd009402;meshd009404;meshd009800;meshd010501;meshd007690;meshd016891;meshd017044;meshd011546;meshd011702;meshd053653;meshd011704;meshd011705;meshd053018;meshd000608;meshd012078;meshd051437;meshd051436;meshd059228;meshd015499;meshd000069856;meshd014398;meshd014511;meshd017624;meshd009396;meshd014929;meshd015211
Cardiomyopathies	D009202	meshd019571;meshd002310;meshd002311;meshd002312;meshd024741;meshd002313;meshd002598;meshd058065;meshd004695;meshd004719;meshd052120;meshd056830;meshd007625;meshd015428;meshd009205;meshd058088
Mental Disorders	D001523	meshd015526;meshd000275;meshd000341;meshd000379;meshd000425;meshd000430;meshd019973;meshd000435;meshd000076042;meshd000437;meshd020237;meshd000544;meshd000647;meshd020324;meshd000648;meshd020236;meshd019969;meshd000856;meshd000987;meshd001008;meshd001010;meshd018888;meshd020817;meshd001289;meshd019958;meshd001308;meshd000067877;meshd001321;meshd000080146;meshd001497;meshd063425;meshd056912;meshd001714;meshd000068105;meshd057215;meshd000081042;meshd001883;meshd052018;meshd002194;meshd002385;meshd000084202;meshd002653;meshd002659;meshd000067454;meshd019970;meshd003072;meshd060825;meshd003130;meshd003147;meshd003193;meshd019955;meshd003244;meshd003291;meshd007562;meshd003527;meshd003693;meshd063726;meshd003704;meshd015161;meshd015140;meshd003859;meshd019052;meshd003866;meshd003865;meshd061218;meshd002658;meshd000080887;meshd055956;meshd006970;meshd007174;meshd004213;meshd009105;meshd053207;meshd060705;meshd004410;meshd004411;meshd004414;meshd020920;meshd019263;meshd019960;meshd000071257;meshd004688;meshd004775;meshd007172;meshd005084;meshd005162;meshd001068;meshd019959;meshd053716;meshd005329;meshd005391;meshd000073932;meshd057180;meshd057174;meshd005715;meshd000068116;meshd000079564;meshd006556;meshd000080037;meshd006677;meshd000067836;meshd006816;meshd006998;meshd007046;meshd020177;meshd058545;meshd008607;meshd020179;meshd017593;meshd020232;meshd007859;meshd020961;meshd002189;meshd000074609;meshd008398;meshd019964;meshd055535;meshd009021;meshd000068079;meshd019957;meshd009110;meshd016735;meshd009155;meshd009290;meshd000079524;meshd009357;meshd009440;meshd009449;meshd019965;meshd065886;meshd009497;meshd000074043;meshd020184;meshd053206;meshd020183;meshd009771;meshd000083682;meshd000079689;meshd009293;meshd000074607;meshd000088102;meshd016584;meshd010259;meshd010260;meshd010262;meshd020447;meshd010324;meshd010378;meshd010554;meshd010623;meshd000072861;meshd010698;meshd010842;meshd020774;meshd000079690;meshd061686;meshd065446;meshd057178;meshd000067073;meshd011604;meshd011605;meshd011618;meshd020187;meshd020923;meshd019962;meshd000080822;meshd012148;meshd000079562;meshd012448;meshd012557;meshd012559;meshd019967;meshd012560;meshd012561;meshd012562;meshd012563;meshd000090663;meshd012569;meshd016574;meshd020018;meshd000082002;meshd019968;meshd012753;meshd020921;meshd020186;meshd012892;meshd020178;meshd020919;meshd007319;meshd020188;meshd012893;meshd020922;meshd000087346;meshd000067404;meshd013001;meshd013009;meshd000067559;meshd066229;meshd019956;meshd013313;meshd040921;meshd040701;meshd015819;meshd000075067;meshd013375;meshd019966;meshd013981;meshd014029;meshd005879;meshd014190;meshd000068099;meshd014256;meshd052065;meshd000088323;meshd014843;meshd014899;meshd019952
Digestive System Abnormalities	D004065	meshd000071056;meshd001006;meshd001656;meshd016767;meshd015529;meshd003965;meshd004933;meshd006627;meshd007409;meshd008467;meshd000074742;meshd000080222
Biliary Tract Diseases	D001660	meshd042101;meshd016738;meshd001649;meshd001650;meshd001655;meshd001656;meshd001657;meshd001661;meshd016767;meshd002761;meshd015209;meshd002764;meshd041881;meshd041761;meshd015529;meshd042883;meshd002769;meshd002779;meshd001651;meshd002780;meshd003137;meshd003138;meshd041882;meshd005705;meshd005706;meshd042882;meshd008105;meshd057792;meshd000080222;meshd017562;meshd046628
Digestive System Neoplasms	D004067	meshd007516;meshd018248;meshd011125;meshd000694;meshd001005;meshd001063;meshd001650;meshd001661;meshd006528;meshd018273;meshd021441;meshd002430;meshd000083023;meshd003110;meshd015179;meshd003123;meshd003138;meshd004379;meshd004938;meshd000077277;meshd005706;meshd005736;meshd015408;meshd005770;meshd046152;meshd005935;meshd007078;meshd007161;meshd007340;meshd007414;meshd007580;meshd008113;meshd008114;meshd000077779;meshd010190;meshd010534;meshd012004;meshd012811;meshd013005;meshd013274;meshd003969;meshd015043
Endocrine Gland Neoplasms	D004701	meshd049913;meshd007516;meshd000306;meshd000310;meshd018246;meshd018268;meshd018273;meshd000077216;meshd021441;meshd015408;meshd005935;meshd006106;meshd049912;meshd061325;meshd007340;meshd007984;meshd018311;meshd008539;meshd009377;meshd018761;meshd018813;meshd018814;meshd009347;meshd010051;meshd000077779;meshd010190;meshd009384;meshd010282;meshd010911;meshd015175;meshd012707;meshd018310;meshd013005;meshd013736;meshd013798;meshd000077273;meshd013964;meshd016606;meshd003969
Breast Neoplasms	D001943	meshd000071960;meshd018567;meshd018270;meshd018275;meshd061325;meshd058922;meshd064726;meshd000069584
Bone Neoplasms	D001859	meshd050398;meshd005266;meshd007573;meshd008339;meshd008441;meshd009669;meshd009918;meshd010157;meshd019292;meshd012888;meshd013125
Eye Neoplasms	D005134	meshd002830;meshd003230;meshd005142;meshd064090;meshd015811;meshd009918;meshd059545;meshd019572;meshd012175;meshd014604
Head and Neck Neoplasms	D006258	meshd004428;meshd004938;meshd000077277;meshd005142;meshd005153;meshd005887;meshd007012;meshd007822;meshd017733;meshd007972;meshd008048;meshd008444;meshd009062;meshd000077274;meshd009303;meshd009669;meshd009959;meshd010039;meshd010157;meshd010255;meshd010282;meshd010307;meshd010610;meshd012468;meshd000077195;meshd013362;meshd013365;meshd000077273;meshd013964;meshd016606;meshd014062;meshd014067;meshd014134
Nervous System Neoplasms	D009423	meshd060426;meshd016080;meshd001932;meshd020295;meshd020863;meshd016543;meshd002528;meshd002551;meshd016545;meshd056364;meshd003390;meshd000080443;meshd015174;meshd007029;meshd015192;meshd015624;meshd020363;meshd055756;meshd008577;meshd008579;meshd009157;meshd009188;meshd018317;meshd018306;meshd009455;meshd018318;meshd018319;meshd000077162;meshd009464;meshd053578;meshd020339;meshd019574;meshd054975;meshd020288;meshd020362;meshd020364;meshd020361;meshd010524;meshd010871;meshd010911;meshd013120;meshd015173
Skin Neoplasms	D012878	meshd049309;meshd054705;meshd034701;meshd055653;meshd012626;meshd013544;meshd014582
Thoracic Neoplasms	D013899	meshd000077192;meshd002282;meshd001984;meshd002283;meshd002289;meshd000084122;meshd056733;meshd006338;meshd008175;meshd008479;meshd000086002;meshd055613;meshd010178;meshd016066;meshd010997;meshd018202;meshd047868;meshd012142;meshd055752;meshd054363;meshd013945;meshd013953;meshd014134
Urogenital Neoplasms	D014565	meshd001948;meshd018269;meshd000077216;meshd002292;meshd030321;meshd016889;meshd036821;meshd005185;meshd005833;meshd005834;meshd006106;meshd061325;meshd007680;meshd007984;meshd018311;meshd008539;meshd018201;meshd010051;meshd010412;meshd011471;meshd064129;meshd018203;meshd012707;meshd018310;meshd013736;meshd013798;meshd014516;meshd014523;meshd001749;meshd014571;meshd002583;meshd014594;meshd014625;meshd014685;meshd014846;meshd017624;meshd009396
Genital Diseases, Female	D005831	meshd062788;meshd000291;meshd000858;meshd059268;meshd065309;meshd001948;meshd002181;meshd018269;meshd000077216;meshd004414;meshd004714;meshd016889;meshd036821;meshd004715;meshd004716;meshd005184;meshd005185;meshd006106;meshd006175;meshd006399;meshd006409;meshd061325;meshd006558;meshd052202;meshd007247;meshd007973;meshd018311;meshd008539;meshd008594;meshd008595;meshd008796;meshd009869;meshd010048;meshd010049;meshd016471;meshd010051;meshd000082843;meshd010249;meshd000292;meshd011085;meshd016649;meshd011539;meshd055112;meshd012006;meshd060737;meshd012488;meshd018203;meshd018310;meshd065310;meshd013798;meshd014247;meshd014384;meshd002577;meshd002578;meshd002579;meshd002581;meshd002583;meshd002575;meshd014591;meshd014592;meshd019687;meshd014594;meshd014595;meshd014596;meshd060725;meshd014597;meshd019522;meshd014623;meshd014624;meshd014625;meshd052065;meshd014627;meshd016585;meshd014719;meshd014845;meshd007724;meshd014846;meshd054515;meshd014847;meshd056650;meshd014848
Tuberculosis	D014376	meshd054908;meshd018601;meshd055985;meshd010495;meshd014395;meshd012830;meshd014375;meshd016862;meshd014379;meshd014380;meshd014381;meshd020306;meshd014382;meshd014383;meshd014384;meshd014385;meshd014386;meshd014387;meshd014388;meshd014389;meshd014390;meshd014391;meshd018088;meshd014393;meshd014394;meshd014396;meshd014397;meshd014398;meshd014399;meshd014400;meshd014401
Genital Diseases, Male	D005832	meshd053714;meshd053627;meshd053713;meshd001446;meshd052798;meshd003456;meshd004414;meshd004823;meshd007172;meshd018934;meshd005834;meshd006398;meshd051516;meshd006558;meshd007021;meshd018783;meshd007248;meshd007984;meshd009845;meshd009920;meshd010263;meshd010409;meshd010411;meshd010412;meshd010688;meshd061686;meshd011317;meshd011469;meshd011470;meshd011471;meshd064129;meshd011472;meshd060737;meshd012707;meshd054331;meshd018310;meshd013086;meshd013088;meshd000072660;meshd013733;meshd006848;meshd013736;meshd014389;meshd014646
Infertility	D007246	meshd053714;meshd053627;meshd053713;meshd007247;meshd007248;meshd009845;meshd054331;meshd000072660
Sexual Dysfunction, Physiological	D012735	meshd004414;meshd007172;meshd018783;meshd061686;meshd052065
Sexually Transmitted Diseases	D012749	meshd020943;meshd015526;meshd016263;meshd000386;meshd000163;meshd000071297;meshd062688;meshd002602;meshd002690;meshd003218;meshd006069;meshd006100;meshd019053;meshd015658;meshd006679;meshd019247;meshd039682;meshd006558;meshd008219;meshd015231;meshd015229;meshd013587
Bacterial Infections	D001424	meshd000151;meshd000187;meshd000189;meshd000193;meshd000196;meshd000197;meshd059707;meshd000711;meshd000712;meshd016917;meshd000881;meshd016863;meshd016470;meshd000086966;meshd016866;meshd001442;meshd001474;meshd001476;meshd039941;meshd001885;meshd001899;meshd001906;meshd001907;meshd002006;meshd002007;meshd019121;meshd054312;meshd002169;meshd002270;meshd002372;meshd020806;meshd002601;meshd002602;meshd002690;meshd002694;meshd061387;meshd023521;meshd002771;meshd003015;meshd003234;meshd003235;meshd003354;meshd045827;meshd045824;meshd058066;meshd004165;meshd004405;meshd004473;meshd016873;meshd004697;meshd004698;meshd004756;meshd004761;meshd004767;meshd004886;meshd004887;meshd004889;meshd015787;meshd004891;meshd004894;meshd004927;meshd054908;meshd015818;meshd045826;meshd005535;meshd018934;meshd005667;meshd045825;meshd005674;meshd005738;meshd005892;meshd005896;meshd006069;meshd016905;meshd016908;meshd006100;meshd006192;meshd006357;meshd016481;meshd006483;meshd017497;meshd006726;meshd007169;meshd007639;meshd018601;meshd007710;meshd055985;meshd007876;meshd007877;meshd057831;meshd007918;meshd015439;meshd015440;meshd056006;meshd056005;meshd015441;meshd007922;meshd008088;meshd008177;meshd008193;meshd020852;meshd008219;meshd008554;meshd016920;meshd020814;meshd008583;meshd008584;meshd008585;meshd008586;meshd008589;meshd045828;meshd008271;meshd009164;meshd009165;meshd015270;meshd009175;meshd009180;meshd016870;meshd009494;meshd009617;meshd009878;meshd010202;meshd010283;meshd010284;meshd010326;meshd016871;meshd012766;meshd010495;meshd014395;meshd010874;meshd044225;meshd010930;meshd011002;meshd011008;meshd048089;meshd045729;meshd018410;meshd011019;meshd011018;meshd011022;meshd011023;meshd000077342;meshd011512;meshd011552;meshd009956;meshd011778;meshd011906;meshd012061;meshd012213;meshd012214;meshd012226;meshd012282;meshd012288;meshd012373;meshd012478;meshd012480;meshd012481;meshd012541;meshd012612;meshd016868;meshd015231;meshd012830;meshd017192;meshd013145;meshd000073605;meshd013202;meshd013203;meshd013206;meshd013207;meshd013290;meshd013554;meshd013587;meshd013589;meshd013590;meshd013591;meshd013592;meshd013606;meshd013742;meshd014141;meshd014205;meshd014211;meshd014375;meshd016862;meshd014376;meshd014379;meshd014380;meshd014381;meshd020306;meshd014382;meshd014383;meshd014384;meshd014385;meshd014386;meshd014387;meshd014388;meshd014389;meshd014390;meshd014391;meshd018088;meshd014392;meshd014393;meshd014394;meshd014396;meshd014397;meshd014398;meshd014399;meshd014400;meshd014401;meshd014406;meshd014435;meshd014437;meshd014438;meshd016869;meshd015829;meshd016585;meshd014735;meshd014884;meshd014895;meshd008061;meshd014917;meshd015001;meshd015009;meshd015012
Mycoses	D009181	meshd060487;meshd001228;meshd001229;meshd001759;meshd058387;meshd002177;meshd002178;meshd002179;meshd058365;meshd002180;meshd002181;meshd020314;meshd060425;meshd002862;meshd003047;meshd003453;meshd003881;meshd016890;meshd015821;meshd016469;meshd060585;meshd005847;meshd006660;meshd060605;meshd000072742;meshd055744;meshd060368;meshd008172;meshd016919;meshd016921;meshd016881;meshd009091;meshd008271;meshd020953;meshd014009;meshd059249;meshd010202;meshd010229;meshd060446;meshd010854;meshd016720;meshd011020;meshd055732;meshd013174;meshd014005;meshd014006;meshd014007;meshd014008;meshd014010;meshd000084002;meshd060586;meshd015829;meshd020096
Bone Diseases, Infectious	D001850	meshd015299;meshd008417;meshd010019;meshd010522;meshd059270;meshd059369;meshd013166;meshd014394;meshd014399
Cardiovascular Infections	D053821	meshd004697;meshd004698;meshd010495;meshd013589;meshd014381
Central Nervous System Infections	D002494	meshd001922;meshd020806;meshd020314;meshd020809;meshd020807;meshd020808;meshd020805;meshd058565;meshd007562;meshd013354;meshd004671;meshd004670;meshd020803;meshd004672;meshd004674;meshd004675;meshd020804;meshd018792;meshd004679;meshd020242;meshd004683;meshd004685;meshd020241;meshd016643;meshd020802;meshd016098;meshd000069544;meshd034062;meshd007729;meshd007968;meshd020363;meshd020945;meshd020852;meshd008216;meshd016779;meshd016920;meshd016919;meshd020814;meshd016921;meshd008583;meshd008584;meshd008585;meshd008586;meshd008587;meshd008590;meshd009187;meshd009188;meshd020953;meshd020019;meshd020818;meshd009494;meshd015493;meshd020819;meshd011051;meshd011052;meshd016262;meshd017096;meshd011557;meshd012608;meshd013344;meshd013353;meshd013606;meshd016781;meshd014125;meshd016862;meshd020306;meshd014390;meshd034081;meshd014884;meshd014901
Eye Infections	D015817	meshd015823;meshd003232;meshd003234;meshd003235;meshd003236;meshd003320;meshd017726;meshd009877;meshd015818;meshd015821;meshd015822;meshd015828;meshd006563;meshd006726;meshd007635;meshd016849;meshd007639;meshd015827;meshd009878;meshd010202;meshd014126;meshd014141;meshd014392;meshd015829
Parasitic Diseases	D010272	meshd017088;meshd015823;meshd063485;meshd017188;meshd000562;meshd000724;meshd017129;meshd001196;meshd001198;meshd017191;meshd001404;meshd001447;meshd001742;meshd016776;meshd020809;meshd020807;meshd020808;meshd002590;meshd002598;meshd014355;meshd016770;meshd003003;meshd003048;meshd003457;meshd021866;meshd003551;meshd004011;meshd004022;meshd004030;meshd004154;meshd004169;meshd004184;meshd004313;meshd004320;meshd004404;meshd004443;meshd004444;meshd004445;meshd004451;meshd004478;meshd004605;meshd017189;meshd004749;meshd017229;meshd056986;meshd015822;meshd005211;meshd005213;meshd005368;meshd058267;meshd005873;meshd058429;meshd006188;meshd006373;meshd006374;meshd006725;meshd006925;meshd007000;meshd007411;meshd021865;meshd007815;meshd007816;meshd007896;meshd016773;meshd016774;meshd007897;meshd007898;meshd010373;meshd008101;meshd008109;meshd008118;meshd008174;meshd008288;meshd008289;meshd016779;meshd016778;meshd016780;meshd008368;meshd050738;meshd008924;meshd008989;meshd009198;meshd009332;meshd009349;meshd020019;meshd020818;meshd009814;meshd009855;meshd015827;meshd009889;meshd009894;meshd010029;meshd010123;meshd017194;meshd010237;meshd018512;meshd010273;meshd015597;meshd011528;meshd011529;meshd058968;meshd017196;meshd012227;meshd012523;meshd012532;meshd012552;meshd012553;meshd012554;meshd012555;meshd012610;meshd017190;meshd012719;meshd012876;meshd013031;meshd017205;meshd013319;meshd017206;meshd013322;meshd015163;meshd013622;meshd013801;meshd013984;meshd017227;meshd014120;meshd014123;meshd014124;meshd016781;meshd014125;meshd014126;meshd014201;meshd014235;meshd014245;meshd014247;meshd014252;meshd014253;meshd014257;meshd014323;meshd014352;meshd014353;meshd014354;meshd058285
Respiratory Tract Infections	D012141	meshd001229;meshd001759;meshd048090;meshd001988;meshd001990;meshd001991;meshd029481;meshd001996;meshd000086382;meshd061387;meshd003139;meshd004445;meshd016724;meshd004654;meshd004826;meshd015521;meshd015522;meshd000077299;meshd007251;meshd007827;meshd007876;meshd007877;meshd008169;meshd008172;meshd008174;meshd015523;meshd009304;meshd012766;meshd000039;meshd010612;meshd010998;meshd011001;meshd011014;meshd048089;meshd045729;meshd011015;meshd018410;meshd011017;meshd011019;meshd000071067;meshd011018;meshd011020;meshd011022;meshd011023;meshd053717;meshd011024;meshd017703;meshd012220;meshd012226;meshd045169;meshd012830;meshd012852;meshd015524;meshd059525;meshd014069;meshd014136;meshd014387;meshd014396;meshd014397;meshd014917
Sepsis	D018805	meshd016470;meshd058387;meshd019446;meshd016469;meshd006483;meshd031941;meshd000071074;meshd018512;meshd012772;meshd014766
Sexually Transmitted Diseases	D012749	meshd020943;meshd015526;meshd016263;meshd000386;meshd000163;meshd000071297;meshd062688;meshd002602;meshd002690;meshd003218;meshd006069;meshd006100;meshd019053;meshd015658;meshd006679;meshd019247;meshd039682;meshd006558;meshd008219;meshd015231;meshd015229;meshd013587
Skin Diseases, Infectious	D012874	meshd000197;meshd060487;meshd016917;meshd001759;meshd062688;meshd002178;meshd002179;meshd002270;meshd002481;meshd060425;meshd002862;meshd003218;meshd003881;meshd058066;meshd004473;meshd004819;meshd004886;meshd015787;meshd004891;meshd016731;meshd004894;meshd005077;meshd005667;meshd060585;meshd006100;meshd006560;meshd006561;meshd017497;meshd060605;meshd007169;meshd007617;meshd007815;meshd007896;meshd016773;meshd016774;meshd007897;meshd010373;meshd060368;meshd008158;meshd008177;meshd008976;meshd008271;meshd009855;meshd014009;meshd010304;meshd010874;meshd012226;meshd012532;meshd017192;meshd012876;meshd017193;meshd013174;meshd013206;meshd013207;meshd013591;meshd014005;meshd014006;meshd014007;meshd014008;meshd014010;meshd000084002;meshd014382;meshd014860;meshd015001
Urinary Tract Infections	D014552	meshd001437;meshd011776;meshd012553
Vector Borne Diseases	D000079426	meshd000355;meshd000357;meshd018354;meshd000712;meshd001102;meshd001404;meshd001742;meshd001819;meshd001907;meshd002598;meshd014355;meshd065632;meshd003121;meshd003715;meshd016873;meshd004605;meshd004671;meshd004670;meshd004672;meshd004674;meshd004675;meshd020242;meshd004683;meshd004685;meshd020241;meshd015787;meshd006357;meshd006479;meshd006481;meshd007733;meshd007896;meshd016773;meshd016774;meshd007897;meshd007898;meshd008193;meshd020852;meshd008288;meshd008289;meshd016779;meshd016778;meshd016780;meshd009265;meshd020818;meshd015827;meshd010217;meshd010930;meshd011022;meshd000077342;meshd012061;meshd012282;meshd012288;meshd012295;meshd012373;meshd012552;meshd012553;meshd012554;meshd012555;meshd012612;meshd019595;meshd000085142;meshd000073605;meshd013801;meshd017282;meshd014353;meshd014406;meshd014437;meshd014438;meshd014901;meshd015004;meshd000071243
Virus Diseases	D014777	meshd020943;meshd015526;meshd016263;meshd000386;meshd017088;meshd000163;meshd000071297;meshd000257;meshd000258;meshd000355;meshd000357;meshd000453;meshd018354;meshd001102;meshd001117;meshd018174;meshd019350;meshd001353;meshd045463;meshd020330;meshd018175;meshd001819;meshd001882;meshd001890;meshd001912;meshd001990;meshd002044;meshd002051;meshd062688;meshd000086382;meshd017250;meshd015266;meshd018188;meshd020805;meshd002644;meshd065632;meshd018173;meshd006691;meshd003121;meshd003139;meshd003218;meshd003232;meshd003236;meshd003333;meshd018352;meshd015605;meshd003384;meshd003586;meshd017726;meshd004266;meshd006800;meshd003715;meshd004216;meshd004457;meshd004474;meshd004482;meshd004671;meshd004670;meshd020803;meshd004672;meshd004674;meshd004675;meshd020804;meshd018792;meshd020242;meshd004682;meshd004683;meshd004685;meshd020241;meshd004753;meshd004769;meshd016583;meshd004810;meshd004819;meshd020031;meshd004859;meshd016731;meshd005077;meshd015828;meshd015673;meshd016181;meshd016766;meshd005254;meshd018702;meshd018178;meshd018177;meshd005536;meshd005586;meshd005761;meshd019053;meshd015658;meshd006679;meshd019247;meshd039682;meshd015490;meshd015491;meshd006232;meshd018778;meshd018804;meshd006480;meshd006478;meshd006479;meshd019142;meshd006481;meshd006482;meshd031941;meshd030243;meshd045464;meshd018347;meshd006506;meshd006509;meshd019694;meshd006526;meshd019698;meshd003699;meshd019701;meshd016751;meshd006522;meshd006524;meshd006525;meshd006557;meshd006558;meshd006560;meshd006561;meshd006562;meshd006563;meshd016697;meshd006566;meshd007241;meshd007244;meshd005585;meshd007251;meshd007617;meshd007635;meshd016849;meshd007733;meshd007835;meshd016180;meshd016582;meshd007968;meshd017733;meshd008146;meshd008166;meshd008216;meshd008304;meshd008379;meshd008380;meshd008457;meshd008587;meshd053489;meshd008976;meshd045908;meshd018701;meshd018185;meshd009107;meshd016183;meshd009234;meshd009265;meshd009521;meshd030341;meshd009894;meshd009976;meshd030361;meshd018184;meshd015493;meshd010322;meshd012766;meshd029021;meshd018182;meshd010217;meshd010850;meshd011000;meshd011021;meshd011024;meshd018186;meshd011051;meshd011052;meshd027601;meshd053570;meshd019318;meshd016262;meshd011213;meshd011557;meshd011648;meshd012327;meshd011818;meshd012088;meshd018357;meshd010253;meshd055761;meshd012192;meshd018353;meshd012295;meshd012301;meshd019349;meshd012400;meshd012409;meshd012410;meshd018355;meshd019351;meshd001357;meshd012514;meshd045169;meshd019595;meshd000085142;meshd015229;meshd016097;meshd017193;meshd012897;meshd012899;meshd013283;meshd013344;meshd015163;meshd013555;meshd014036;meshd018176;meshd014412;meshd014615;meshd000073618;meshd014720;meshd054243;meshd000086965;meshd014766;meshd016182;meshd014860;meshd014901;meshd015004;meshd000071243;meshd031368
Brain Diseases	D001927	meshd049913;meshd020943;meshd015526;meshd000172;meshd000071072;meshd000326;meshd000405;meshd038261;meshd062026;meshd000544;meshd000550;meshd020236;meshd060426;meshd018888;meshd056807;meshd001260;meshd001304;meshd001308;meshd000069281;meshd020788;meshd020144;meshd001480;meshd020145;meshd001922;meshd001924;meshd000070624;meshd001925;meshd001926;meshd001928;meshd020739;meshd001929;meshd020201;meshd020520;meshd001930;meshd000070625;meshd000070642;meshd020208;meshd002545;meshd001932;meshd020203;meshd020526;meshd020295;meshd046589;meshd017825;meshd020165;meshd002340;meshd020212;meshd002341;meshd020215;meshd016893;meshd020216;meshd020226;meshd002524;meshd002526;meshd002528;meshd016657;meshd028243;meshd002539;meshd002543;meshd020202;meshd002544;meshd000074042;meshd002547;meshd059345;meshd002551;meshd058565;meshd002561;meshd020214;meshd020150;meshd016545;meshd000070627;meshd020159;meshd003027;meshd007562;meshd003616;meshd003704;meshd015161;meshd015140;meshd020278;meshd000087505;meshd020833;meshd002549;meshd000080443;meshd055956;meshd000069279;meshd004393;meshd004422;meshd000083262;meshd004652;meshd004660;meshd004671;meshd004670;meshd020803;meshd004672;meshd004674;meshd004675;meshd020804;meshd018792;meshd004678;meshd004673;meshd004681;meshd020242;meshd004683;meshd004685;meshd020241;meshd004831;meshd004828;meshd004827;meshd004832;meshd020936;meshd017029;meshd017034;meshd004829;meshd020938;meshd020937;meshd004834;meshd020195;meshd019305;meshd004833;meshd004830;meshd000073376;meshd000795;meshd055577;meshd005621;meshd057180;meshd057174;meshd005645;meshd005693;meshd005733;meshd020143;meshd016537;meshd005776;meshd013700;meshd006009;meshd049912;meshd006250;meshd020773;meshd051270;meshd051271;meshd006313;meshd006407;meshd006408;meshd020199;meshd020200;meshd046648;meshd000083302;meshd006501;meshd006527;meshd020279;meshd006712;meshd006816;meshd006849;meshd006850;meshd020162;meshd020158;meshd020167;meshd006964;meshd006966;meshd020343;meshd000072659;meshd007018;meshd007027;meshd007029;meshd002534;meshd020925;meshd007177;meshd020243;meshd020244;meshd020762;meshd000069544;meshd015192;meshd002532;meshd020765;meshd002537;meshd002538;meshd020766;meshd002542;meshd020299;meshd020198;meshd020300;meshd019586;meshd019585;meshd020767;meshd002546;meshd000083242;meshd007647;meshd020232;meshd020192;meshd018887;meshd014854;meshd020227;meshd007849;meshd007888;meshd065768;meshd007926;meshd007965;meshd007966;meshd004684;meshd056784;meshd007968;meshd007969;meshd020961;meshd020363;meshd020945;meshd020140;meshd017241;meshd017243;meshd020267;meshd017827;meshd008375;meshd054319;meshd008538;meshd008590;meshd007706;meshd054078;meshd055953;meshd008881;meshd020325;meshd020326;meshd019846;meshd017237;meshd009072;meshd009081;meshd052517;meshd019578;meshd017590;meshd002527;meshd020191;meshd020190;meshd009347;meshd019150;meshd018306;meshd009459;meshd052536;meshd052537;meshd052556;meshd009542;meshd064128;meshd009800;meshd009849;meshd060486;meshd020163;meshd054975;meshd006211;meshd020288;meshd020362;meshd010300;meshd010301;meshd010302;meshd020734;meshd051302;meshd020371;meshd018458;meshd017042;meshd010661;meshd020774;meshd010871;meshd047748;meshd010899;meshd010900;meshd010911;meshd011007;meshd000080942;meshd051299;meshd051298;meshd054038;meshd057178;meshd015175;meshd011559;meshd020146;meshd015324;meshd015325;meshd012035;meshd052919;meshd012202;meshd050798;meshd020225;meshd012497;meshd012618;meshd065166;meshd012791;meshd029461;meshd012851;meshd018860;meshd013036;meshd013106;meshd020754;meshd013132;meshd020955;meshd020521;meshd059409;meshd013344;meshd013345;meshd020206;meshd013349;meshd013353;meshd000080485;meshd052516;meshd013494;meshd015173;meshd055955;meshd013661;meshd049290;meshd018781;meshd013786;meshd000083244;meshd005879;meshd016781;meshd051303;meshd020176;meshd020194;meshd056806;meshd000088323;meshd014653;meshd020293;meshd020301;meshd054080;meshd020217;meshd014715;meshd014899;meshd014901;meshd015211
Movement Disorders	D009069	meshd017109;meshd017204;meshd002819;meshd020150;meshd004409;meshd020820;meshd004422;meshd020821;meshd020329;meshd006527;meshd006816;meshd020961;meshd020267;meshd008538;meshd019578;meshd054546;meshd009849;meshd006211;meshd010300;meshd010301;meshd010302;meshd020734;meshd012791;meshd020955;meshd013494;meshd000071057;meshd013981;meshd005879
Ocular Motility Disorders	D015835	meshd000270;meshd004370;meshd004948;meshd005099;meshd007625;meshd019846;meshd020417;meshd009759;meshd015840;meshd061220;meshd009886;meshd017246;meshd060486;meshd053578;meshd013285;meshd013494;meshd020333
Lens Diseases	D007905	meshd001035;meshd001036;meshd060437;meshd058442;meshd002386;meshd004479;meshd007906
Conjunctival Diseases	D003229	meshd003230;meshd003231;meshd003232;meshd003233;meshd003234;meshd003235;meshd003236;meshd007637;meshd007638;meshd007639;meshd009878;meshd010390;meshd059407;meshd011625;meshd014141;meshd014985
Corneal Diseases	D003316	meshd015823;meshd001112;meshd003317;meshd053559;meshd015715;meshd055954;meshd065306;meshd016510;meshd003318;meshd057112;meshd003320;meshd057108;meshd005642;meshd057129;meshd007634;meshd007635;meshd016849;meshd007637;meshd007638;meshd007639;meshd007640;meshd014141
Eye Diseases, Hereditary	D015785	meshd058540;meshd000417;meshd016117;meshd016115;meshd000453;meshd056769;meshd015783;meshd020788;meshd058747;meshd002609;meshd015794;meshd003103;meshd003117;meshd000077765;meshd000071700;meshd003317;meshd053559;meshd004370;meshd000080345;meshd005642;meshd049970;meshd015799;meshd022861;meshd057130;meshd008342;meshd015418;meshd029241;meshd029242;meshd000080344;meshd016116;meshd012162;meshd015792;meshd012174;meshd012175;meshd000080362;meshd052245;meshd057826;meshd017624;meshd058494;meshd056846;meshd014929
Nervous System Malformations	D009421	meshd055673;meshd061085;meshd058540;meshd056769;meshd000757;meshd016080;meshd001139;meshd020863;meshd020785;meshd020787;meshd002607;meshd054221;meshd054222;meshd056364;meshd003616;meshd004402;meshd004677;meshd056768;meshd020786;meshd065705;meshd009477;meshd015417;meshd016142;meshd006832;meshd002538;meshd054082;meshd054220;meshd065703;meshd054081;meshd065704;meshd058627;meshd008588;meshd008591;meshd008831;meshd009436;meshd000080344;meshd058502;meshd054091;meshd065706;meshd065708;meshd012035;meshd065707;meshd025962;meshd020779;meshd015419;meshd016137;meshd016136;meshd016135;meshd014402;meshd054080;meshd058494
Neurocutaneous Syndromes	D020752	meshd001260;meshd017253;meshd009456;meshd016518;meshd054000;meshd013341;meshd014402;meshd006623
Neurodegenerative Diseases	D019636	meshd038261;meshd056769;meshd000544;meshd028227;meshd000690;meshd060426;meshd010244;meshd055534;meshd017825;meshd002607;meshd000070627;meshd003057;meshd000088282;meshd055956;meshd004402;meshd004422;meshd016643;meshd005621;meshd057180;meshd057174;meshd016098;meshd056768;meshd006527;meshd020279;meshd009477;meshd015417;meshd020271;meshd006816;meshd034062;meshd007729;meshd020192;meshd015624;meshd020961;meshd020363;meshd017827;meshd016472;meshd019578;meshd009134;meshd009157;meshd009188;meshd002527;meshd009224;meshd009223;meshd017253;meshd009456;meshd016518;meshd009472;meshd009849;meshd053578;meshd015418;meshd029241;meshd029242;meshd006211;meshd020362;meshd020364;meshd020361;meshd010300;meshd016262;meshd057178;meshd017096;meshd012035;meshd012608;meshd015419;meshd014897;meshd020754;meshd013132;meshd052879;meshd013494;meshd000080874;meshd057177;meshd024801;meshd005879;meshd014402;meshd020194;meshd034081;meshd014929
Neuroinflammatory Diseases	D000090862	meshd060426;meshd001100;meshd058565;meshd004660;meshd004671;meshd004670;meshd020803;meshd004672;meshd004674;meshd004675;meshd020804;meshd018792;meshd004679;meshd020242;meshd004683;meshd004685;meshd020241;meshd015673;meshd000069544;meshd007968;meshd020363;meshd020945;meshd008216;meshd008581;meshd008582;meshd016920;meshd016919;meshd020814;meshd016921;meshd008583;meshd008584;meshd008585;meshd008586;meshd008587;meshd008590;meshd009187;meshd009188;meshd015493;meshd011051;meshd011052;meshd016262;meshd013344;meshd014390;meshd014884;meshd014901
Neuromuscular Diseases	D009468	meshd000170;meshd020269;meshd056769;meshd017772;meshd028227;meshd000690;meshd000083144;meshd001906;meshd020968;meshd020516;meshd010244;meshd055534;meshd002349;meshd000077684;meshd002422;meshd002573;meshd002607;meshd020918;meshd020430;meshd003882;meshd003929;meshd049310;meshd004402;meshd016603;meshd015673;meshd020428;meshd005356;meshd056768;meshd006014;meshd020275;meshd053421;meshd009477;meshd015417;meshd020514;meshd020386;meshd007625;meshd015624;meshd000080422;meshd017241;meshd017243;meshd058923;meshd020423;meshd019846;meshd017237;meshd017240;meshd020422;meshd000070607;meshd016472;meshd009134;meshd009135;meshd020966;meshd009136;meshd049288;meshd020388;meshd020389;meshd020391;meshd039141;meshd063806;meshd009157;meshd020720;meshd020941;meshd020294;meshd017696;meshd020914;meshd020512;meshd009220;meshd018979;meshd009224;meshd020967;meshd009223;meshd000081030;meshd000076984;meshd009408;meshd018317;meshd009437;meshd051474;meshd009443;meshd009444;meshd009455;meshd018318;meshd009456;meshd018319;meshd020511;meshd017246;meshd055622;meshd016878;meshd000699;meshd010245;meshd020513;meshd020364;meshd059348;meshd010523;meshd010524;meshd020427;meshd055958;meshd011051;meshd011052;meshd017285;meshd011115;meshd011129;meshd020277;meshd011128;meshd016262;meshd060545;meshd052880;meshd020425;meshd011843;meshd012019;meshd012035;meshd058088;meshd020426;meshd012585;meshd000071075;meshd015419;meshd014897;meshd016750;meshd013631;meshd052958;meshd013641;meshd013901;meshd020429;meshd017769;meshd020424;meshd000083143
Neurotoxicity Syndromes	D020258	meshd000170;meshd017109;meshd000425;meshd000430;meshd020270;meshd020268;meshd000076042;meshd020269;meshd020261;meshd001906;meshd004409;meshd020260;meshd020263;meshd020265;meshd020264;meshd020267;meshd020149;meshd020262;meshd009459
Sleep Wake Disorders	D012893	meshd002385;meshd006970;meshd020920;meshd020177;meshd034062;meshd020179;meshd017593;meshd009290;meshd020184;meshd020189;meshd020183;meshd010845;meshd020447;meshd020187;meshd020923;meshd012148;meshd012891;meshd020182;meshd020181;meshd020921;meshd020186;meshd012892;meshd020178;meshd020919;meshd007319;meshd020188;meshd020922;meshd013009
Trauma, Nervous System	D020196	meshd020222;meshd061227;meshd020211;meshd001924;meshd000070624;meshd020201;meshd001930;meshd000070625;meshd000070642;meshd020208;meshd020203;meshd020212;meshd020215;meshd020216;meshd020210;meshd020202;meshd065634;meshd002558;meshd002559;meshd020214;meshd000070627;meshd020207;meshd056886;meshd065306;meshd057112;meshd020209;meshd006259;meshd020833;meshd004834;meshd005126;meshd005129;meshd005131;meshd015807;meshd005151;meshd020220;meshd061287;meshd016489;meshd020197;meshd006407;meshd006408;meshd020199;meshd020200;meshd046648;meshd061228;meshd020198;meshd007572;meshd061224;meshd061222;meshd008337;meshd008338;meshd000080902;meshd008440;meshd008446;meshd061220;meshd061219;meshd020221;meshd009917;meshd059348;meshd011007;meshd038223;meshd061226;meshd038642;meshd020205;meshd020204;meshd012887;meshd013119;meshd020206;meshd000081028;meshd061221;meshd061247;meshd061223;meshd020217;meshd061285;meshd015051
Wounds and Injuries	D014947	meshd000007;meshd020222;meshd000016;meshd061227;meshd000081084;meshd054508;meshd000673;meshd064386;meshd016512;meshd000070598;meshd001019;meshd001134;meshd060437;meshd001237;meshd001265;meshd019567;meshd000070896;meshd001469;meshd001630;meshd001720;meshd001733;meshd001734;meshd001753;meshd001924;meshd000070624;meshd020201;meshd001930;meshd000070625;meshd000070642;meshd020208;meshd020203;meshd002056;meshd002057;meshd002058;meshd002059;meshd066126;meshd020212;meshd020215;meshd020216;meshd002349;meshd020210;meshd020202;meshd065634;meshd002558;meshd002559;meshd020214;meshd002647;meshd000070627;meshd000067390;meshd003100;meshd020207;meshd056104;meshd057667;meshd056886;meshd003288;meshd065306;meshd057112;meshd056146;meshd003387;meshd020209;meshd006259;meshd000071576;meshd003444;meshd020430;meshd012090;meshd049248;meshd003665;meshd000069836;meshd000070631;meshd000070630;meshd020833;meshd004332;meshd000070639;meshd004556;meshd000070676;meshd004834;meshd000089965;meshd004939;meshd005119;meshd005126;meshd005129;meshd005131;meshd015807;meshd005151;meshd020220;meshd005264;meshd005265;meshd005383;meshd005409;meshd018409;meshd005543;meshd005547;meshd005548;meshd005549;meshd000072039;meshd000071562;meshd050723;meshd050724;meshd005596;meshd018460;meshd050815;meshd017759;meshd000069076;meshd005597;meshd005598;meshd015775;meshd005599;meshd005627;meshd061287;meshd015745;meshd020857;meshd006230;meshd016489;meshd020197;meshd006335;meshd006359;meshd018882;meshd018883;meshd006407;meshd006408;meshd020199;meshd020200;meshd046648;meshd006549;meshd006617;meshd006620;meshd025981;meshd006810;meshd000084462;meshd061228;meshd058745;meshd007299;meshd057072;meshd020198;meshd058736;meshd007572;meshd004204;meshd031221;meshd007718;meshd022125;meshd061224;meshd007869;meshd007953;meshd015168;meshd061222;meshd055370;meshd008337;meshd008338;meshd000080902;meshd008440;meshd008446;meshd058923;meshd000070617;meshd009011;meshd009104;meshd000071956;meshd000081030;meshd061270;meshd015701;meshd019838;meshd016602;meshd000076984;meshd009381;meshd060051;meshd061220;meshd061219;meshd020221;meshd009917;meshd058866;meshd010025;meshd000081015;meshd010246;meshd031222;meshd059348;meshd057068;meshd011007;meshd038223;meshd011542;meshd046548;meshd000087525;meshd011832;meshd011833;meshd017564;meshd011855;meshd011885;meshd061226;meshd000083102;meshd012188;meshd012253;meshd000070636;meshd012421;meshd000072042;meshd065008;meshd012652;meshd038642;meshd012774;meshd012783;meshd012784;meshd019534;meshd000070599;meshd020205;meshd020204;meshd012887;meshd015208;meshd012909;meshd017695;meshd001098;meshd013117;meshd013119;meshd016103;meshd013124;meshd013161;meshd017890;meshd013180;meshd013275;meshd020206;meshd013471;meshd013474;meshd000072836;meshd052256;meshd013708;meshd013716;meshd013898;meshd013978;meshd000070600;meshd064927;meshd014084;meshd014082;meshd018677;meshd000081028;meshd020196;meshd061221;meshd061247;meshd018058;meshd014458;meshd017769;meshd014595;meshd014597;meshd061223;meshd057772;meshd020217;meshd061285;meshd000067398;meshd014911;meshd014948;meshd014949;meshd014950;meshd014951;meshd014954;meshd015051
Arrhythmias, Cardiac	D001145	meshd016170;meshd000219;meshd050030;meshd001146;meshd001281;meshd001282;meshd018880;meshd054537;meshd001919;meshd053840;meshd002037;meshd005117;meshd056104;meshd006327;meshd000074021;meshd029593;meshd008133;meshd008151;meshd017574;meshd011226;meshd011227;meshd029597;meshd012804;meshd012848;meshd054138;meshd013610;meshd013611;meshd013612;meshd013613;meshd013614;meshd054139;meshd013615;meshd013616;meshd013617;meshd017180;meshd016171;meshd014693;meshd054141;meshd018879;meshd014927
Cardiomyopathies	D009202	meshd019571;meshd002310;meshd002311;meshd002312;meshd024741;meshd002313;meshd002598;meshd058065;meshd004695;meshd004719;meshd052120;meshd056830;meshd007625;meshd015428;meshd009205;meshd058088
Heart Defects, Congenital	D006330	meshd058165;meshd016738;meshd050030;meshd000080038;meshd001017;meshd000082903;meshd001028;meshd019571;meshd056889;meshd000082882;meshd063748;meshd000080041;meshd003310;meshd003330;meshd003420;meshd003914;meshd004062;meshd004310;meshd004374;meshd004437;meshd054083;meshd004541;meshd004694;meshd054092;meshd006343;meshd006344;meshd006345;meshd059446;meshd018636;meshd056830;meshd029593;meshd007619;meshd044542;meshd007979;meshd008133;meshd008185;meshd008382;meshd054084;meshd009634;meshd000082902;meshd029597;meshd013771;meshd014188;meshd018785;meshd014286;meshd000073839;meshd000073842;meshd014339;meshd014424;meshd000080039;meshd014927
Aneurysm	D000783	meshd000784;meshd017541;meshd000785;meshd017542;meshd001014;meshd017544;meshd017545;meshd001019;meshd020215;meshd003323;meshd057867;meshd006322;meshd017543;meshd002532;meshd055947;meshd000071071;meshd000080346;meshd020217
Aortic Diseases	D001018	meshd001014;meshd017544;meshd017545;meshd001015;meshd001019;meshd001025;meshd007925;meshd055947;meshd013625;meshd000073872
Arteriovenous Malformations	D001165	meshd001164;meshd020216;meshd002538;meshd054080
Cerebrovascular Disorders	D002561	meshd020943;meshd020144;meshd020145;meshd020201;meshd020520;meshd002545;meshd020203;meshd020526;meshd046589;meshd002340;meshd020212;meshd002341;meshd020215;meshd016893;meshd020216;meshd020226;meshd016657;meshd028243;meshd002539;meshd002543;meshd020202;meshd002544;meshd000074042;meshd059345;meshd020214;meshd015161;meshd015140;meshd000083262;meshd000795;meshd013700;meshd006407;meshd006408;meshd020199;meshd020200;meshd046648;meshd000083302;meshd020925;meshd020243;meshd020244;meshd020762;meshd002532;meshd020765;meshd002537;meshd002538;meshd020766;meshd002542;meshd020299;meshd020198;meshd020300;meshd020767;meshd002546;meshd000083242;meshd014854;meshd020227;meshd007969;meshd020945;meshd017241;meshd055953;meshd009072;meshd010899;meshd020146;meshd020225;meshd012851;meshd018860;meshd020521;meshd059409;meshd013345;meshd020206;meshd013349;meshd055955;meshd000083244;meshd000088323;meshd014653;meshd020293;meshd020301;meshd054080;meshd020217;meshd014715
Dementia	D003704	meshd015526;meshd000544;meshd018888;meshd046589;meshd007562;meshd015161;meshd015140;meshd055956;meshd057180;meshd057174;meshd006816;meshd020232;meshd020961;meshd020774;meshd057178
Headache Disorders	D020773	meshd062026;meshd003027;meshd051270;meshd051271;meshd008881;meshd020325;meshd020326;meshd060486;meshd051302;meshd051299;meshd051298;meshd050798;meshd018781;meshd051303;meshd014653
Epilepsy	D004827	meshd000069279;meshd004831;meshd004828;meshd004832;meshd020936;meshd017029;meshd017034;meshd004829;meshd020938;meshd020937;meshd004834;meshd020195;meshd019305;meshd004833;meshd004830;meshd000073376;meshd020192;meshd018887;meshd065768;meshd017243;meshd020191;meshd020190;meshd064128;meshd013036;meshd000080485;meshd020194
Cerebellar Diseases	D002526	meshd001260;meshd002524;meshd002528;meshd003616;meshd005621;meshd017827;meshd019846;meshd002527;meshd009849;meshd020362;meshd020754;meshd013132
Cranial Nerve Diseases	D003389	meshd020434;meshd020222;meshd020436;meshd061227;meshd000270;meshd020330;meshd055952;meshd020209;meshd003390;meshd004370;meshd004948;meshd018304;meshd005099;meshd005150;meshd005155;meshd020220;meshd005156;meshd020435;meshd061287;meshd016697;meshd020437;meshd061228;meshd007625;meshd061224;meshd061222;meshd000080902;meshd008556;meshd019846;meshd020331;meshd016518;meshd009464;meshd009471;meshd020417;meshd009759;meshd015835;meshd015840;meshd061220;meshd020431;meshd061219;meshd009886;meshd017246;meshd060486;meshd053578;meshd015418;meshd009896;meshd029241;meshd029242;meshd015594;meshd009901;meshd020339;meshd000080344;meshd020221;meshd019574;meshd009902;meshd018917;meshd010211;meshd061226;meshd013285;meshd013494;meshd020333;meshd000081028;meshd020433;meshd061221;meshd014277;meshd020432;meshd061247;meshd020421;meshd061223;meshd020338;meshd000160;meshd061285;meshd014826;meshd014929
Nervous System Malformations	D009421	meshd055673;meshd061085;meshd058540;meshd056769;meshd000757;meshd016080;meshd001139;meshd020863;meshd020785;meshd020787;meshd002607;meshd054221;meshd054222;meshd056364;meshd003616;meshd004402;meshd004677;meshd056768;meshd020786;meshd065705;meshd009477;meshd015417;meshd016142;meshd006832;meshd002538;meshd054082;meshd054220;meshd065703;meshd054081;meshd065704;meshd058627;meshd008588;meshd008591;meshd008831;meshd009436;meshd000080344;meshd058502;meshd054091;meshd065706;meshd065708;meshd012035;meshd065707;meshd025962;meshd020779;meshd015419;meshd016137;meshd016136;meshd016135;meshd014402;meshd054080;meshd058494
Porphyrias, Hepatic	D017094	meshd046349;meshd017119;meshd017118;meshd017121;meshd046350;meshd046351
Skin Diseases, Genetic	D012873	meshd000417;meshd016117;meshd016115;meshd001528;meshd046349;meshd056587;meshd003483;meshd007644;meshd003876;meshd019871;meshd004476;meshd053358;meshd053359;meshd053360;meshd004535;meshd004613;meshd004820;meshd016107;meshd016108;meshd016110;meshd016109;meshd056266;meshd005489;meshd000090303;meshd056660;meshd022861;meshd057770;meshd017488;meshd016113;meshd053560;meshd016112;meshd017490;meshd016114;meshd007184;meshd007645;meshd015776;meshd053546;meshd053529;meshd008065;meshd056734;meshd055653;meshd056770;meshd020752;meshd053549;meshd010214;meshd016506;meshd016116;meshd017499;meshd017119;meshd017118;meshd017092;meshd017121;meshd046350;meshd017094;meshd056732;meshd046351;meshd011561;meshd011038;meshd016111;meshd062685;meshd054463;meshd014983
Connective Tissue Diseases	D003240	meshd000153;meshd057088;meshd001171;meshd001172;meshd055091;meshd017675;meshd002205;meshd002357;meshd002481;meshd046789;meshd003095;meshd003483;meshd003882;meshd004387;meshd004535;meshd016108;meshd004891;meshd005258;meshd000071380;meshd045888;meshd016460;meshd006712;meshd015218;meshd007627;meshd055092;meshd065134;meshd008178;meshd008179;meshd008180;meshd008181;meshd020945;meshd008382;meshd008947;meshd017520;meshd000507;meshd009083;meshd008059;meshd016532;meshd009084;meshd009085;meshd009087;meshd016538;meshd047708;meshd000077777;meshd009230;meshd009335;meshd017441;meshd058252;meshd009372;meshd009394;meshd009634;meshd054517;meshd010007;meshd010013;meshd010023;meshd015434;meshd015435;meshd010201;meshd015436;meshd066166;meshd010411;meshd011081;meshd011111;meshd011561;meshd012216;meshd012218;meshd056653;meshd012592;meshd045743;meshd045745;meshd012594;meshd012595;meshd053718;meshd012859;meshd016706;meshd013991;meshd055089;meshd055090;meshd000074079;meshd056846
Sweat Gland Diseases	D013543	meshd005588;meshd016575;meshd017497;meshd006945;meshd007007;meshd008883;meshd013544;meshd013547
Skin Diseases, Papulosquamous	D017444	meshd015535;meshd012628;meshd017513;meshd008010;meshd017676;meshd018459;meshd017512;meshd010267;meshd010915;meshd017514;meshd017515;meshd010916;meshd011565
Nail Diseases	D009260	meshd009261;meshd009263;meshd054039;meshd014009;meshd053549;meshd010304;meshd062685;meshd056684
Erythema	D004890	meshd000089965;meshd015787;meshd004891;meshd016731;meshd004892;meshd004893;meshd056266;meshd013262;meshd016463
Hair Diseases	D006201	meshd000153;meshd000505;meshd000506;meshd005499;meshd006628;meshd006983;meshd007039;meshd058247;meshd007706;meshd056734;meshd000507;meshd010854
Keratosis	D007642	meshd002145;meshd002781;meshd018424;meshd007644;meshd056266;meshd017488;meshd016113;meshd007057;meshd053560;meshd016112;meshd017490;meshd016114;meshd007645;meshd015776;meshd053546;meshd055623;meshd017492;meshd056770;meshd010214;meshd010241;meshd017499;meshd016111
Pigmentation Disorders	D010859	meshd000052;meshd000417;meshd016117;meshd016115;meshd001129;meshd019080;meshd022861;meshd017495;meshd017496;meshd007184;meshd044542;meshd007911;meshd008548;meshd010580;meshd016116;meshd014582;meshd014820;meshd014983;meshd056684
Sebaceous Gland Diseases	D012625	meshd000069316;meshd000152;meshd012628;meshd000507;meshd055653;meshd012224;meshd012626
Skin Diseases, Eczematous	D017443	meshd017449;meshd003876;meshd003877;meshd003873;meshd017453;meshd009783;meshd017454;meshd017484;meshd012628;meshd011040;meshd003963;meshd004485;meshd011146;meshd007402;meshd009450;meshd000084002
Bronchial Diseases	D001982	meshd001249;meshd055963;meshd001250;meshd059366;meshd000080445;meshd001983;meshd016535;meshd001984;meshd001986;meshd001987;meshd001988;meshd001989;meshd001990;meshd001991;meshd029481;meshd001994;meshd055091;meshd001996;meshd018549;meshd007619;meshd013224;meshd055089;meshd014137
Ear Diseases	D004427	meshd001304;meshd001308;meshd065635;meshd000071699;meshd018424;meshd015834;meshd065817;meshd054062;meshd003638;meshd004426;meshd004428;meshd004433;meshd018159;meshd006311;meshd034381;meshd006312;meshd006313;meshd006314;meshd006315;meshd006316;meshd046089;meshd006317;meshd006319;meshd003639;meshd046088;meshd016697;meshd012001;meshd007759;meshd007762;meshd008417;meshd008575;meshd063371;meshd016518;meshd009464;meshd010031;meshd010032;meshd010033;meshd010034;meshd010035;meshd059249;meshd010040;meshd000081015;meshd059270;meshd011304;meshd012181;meshd000084322;meshd055955;meshd014012;meshd018058;meshd052245;meshd014717;meshd015837;meshd020338;meshd000160;meshd061285;meshd014929
Laryngeal Diseases	D007818	meshd001044;meshd003440;meshd055154;meshd006102;meshd006685;meshd007819;meshd007822;meshd061224;meshd007826;meshd007827;meshd059608;meshd055092;meshd057045;meshd007829;meshd061226;meshd059525;meshd014387;meshd064706;meshd014826;meshd014832
Lung Diseases, Obstructive	D008173	meshd001249;meshd000080445;meshd001988;meshd001989;meshd001990;meshd001991;meshd029481;meshd018549;meshd029424;meshd011656
Lung Diseases, Interstitial	D017563	meshd000542;meshd000874;meshd055008;meshd019867;meshd001195;meshd001607;meshd001716;meshd002095;meshd002205;meshd018549;meshd004803;meshd005203;meshd014890;meshd000080203;meshd006646;meshd054988;meshd054990;meshd011009;meshd011658;meshd017564;meshd017565;meshd012806;meshd012829;meshd012830;meshd012832;meshd060586
Bronchitis	D001991	meshd001988;meshd001989;meshd001990;meshd029481;meshd018549
Pneumonia	D011014	meshd001996;meshd000086382;meshd061387;meshd000077299;meshd011001;meshd048089;meshd045729;meshd011015;meshd018410;meshd011017;meshd011019;meshd000071067;meshd011018;meshd011020;meshd011022;meshd011023;meshd053717;meshd011024
Sinusitis	D012852	meshd015521;meshd015522;meshd015523;meshd015524
Blood Coagulation Disorders	D001778	meshd020016;meshd000347;meshd020152;meshd001606;meshd025861;meshd020147;meshd004211;meshd004438;meshd005166;meshd005168;meshd005171;meshd005173;meshd005175;meshd005177;meshd006467;meshd002836;meshd022861;meshd007020;meshd011695;meshd010981;meshd020151;meshd018455;meshd011693;meshd055665;meshd011694;meshd011696;meshd016553;meshd011697;meshd013915;meshd013920;meshd000090882;meshd014813;meshd006475;meshd014884;meshd014923;meshd056725;meshd056728;meshd056729;meshd014842
Blood Platelet Disorders	D001791	meshd065766;meshd001606;meshd055652;meshd006463;meshd022861;meshd054868;meshd059885;meshd010981;meshd011696;meshd016553;meshd011697;meshd013915;meshd013920;meshd013921;meshd054098;meshd013922;meshd057049;meshd014842
Anemia	D000740	meshd056586;meshd000741;meshd029503;meshd000742;meshd000743;meshd000744;meshd000745;meshd000746;meshd000747;meshd029502;meshd018798;meshd000748;meshd000749;meshd000750;meshd000751;meshd000752;meshd000753;meshd000754;meshd000755;meshd000756;meshd065766;meshd004612;meshd005199;meshd005236;meshd005330;meshd005331;meshd005955;meshd006445;meshd006450;meshd006457;meshd006463;meshd012010;meshd012805;meshd013103;meshd013789;meshd017085;meshd017086;meshd055538
Blood Protein Disorders	D001796	meshd000361;meshd020152;meshd003449;meshd004406;meshd006362;meshd053306;meshd053307;meshd006942;meshd034141;meshd007019;meshd017098;meshd017099;meshd007161;meshd054078;meshd008998;meshd009101;meshd016878;meshd010265;meshd020151;meshd018455;meshd000075122;meshd008258
Bone Marrow Diseases	D001855	meshd000741;meshd029503;meshd029502;meshd000750;meshd000753;meshd000754;meshd000756;meshd001752;meshd000080983;meshd019046;meshd000080984;meshd019871;meshd005199;meshd000077428;meshd006457;meshd004915;meshd015464;meshd015465;meshd054438;meshd015466;meshd015477;meshd054429;meshd015467;meshd007955;meshd009190;meshd054437;meshd009196;meshd011087;meshd055728;meshd000081003;meshd013920;meshd013922
Hemoglobinopathies	D006453	meshd056586;meshd000755;meshd006445;meshd006450;meshd015160;meshd012805;meshd013789;meshd017085;meshd017086;meshd055538
Hemorrhagic Disorders	D006474	meshd000347;meshd001606;meshd003449;meshd004211;meshd004535;meshd005166;meshd005168;meshd005171;meshd005173;meshd005175;meshd005177;meshd006392;meshd020786;meshd006467;meshd002836;meshd020141;meshd022861;meshd007020;meshd011695;meshd009101;meshd010981;meshd011561;meshd011694;meshd016553;meshd012614;meshd012790;meshd013683;meshd013915;meshd013920;meshd014813;meshd006475;meshd008258;meshd014884;meshd014923;meshd056725;meshd056728;meshd056729;meshd014842
Leukocyte Disorders	D007960	meshd000380;meshd000796;meshd002609;meshd064146;meshd004802;meshd016603;meshd057765;meshd004803;meshd064147;meshd006105;meshd017681;meshd007244;meshd007589;meshd000082242;meshd007955;meshd007964;meshd007970;meshd018921;meshd008218;meshd008231;meshd009503;meshd010381;meshd010585;meshd011657;meshd018344;meshd014923
Thrombophilia	D019851	meshd020016;meshd020152;meshd004211;meshd020151;meshd018455;meshd011697
